product_id,primer_periodo,ultimo_periodo,values,total_tn,average_tn,median_tn,std_dev_tn,iqr_tn
20001,2017-01-01,2019-12-01,36.0,50340.39558,1398.3443216666665,1418.02343,298.1454602000109,335.5153475000002
20002,2017-01-01,2019-12-01,36.0,36337.25439,1009.3681775,992.005505,303.83483488748004,246.7661499999998
20003,2017-01-01,2019-12-01,36.0,32004.15274,889.0042427777778,786.715735,292.036580916225,260.4408874999999
20004,2017-01-01,2019-12-01,36.0,24178.15379,671.6153830555555,596.9093,224.45008531195978,279.662265
20005,2017-01-01,2019-12-01,36.0,23191.21852,644.2005144444444,578.5719899999999,218.2732222629705,305.4155425
20006,2017-01-01,2019-12-01,36.0,21088.76007,585.7988908333333,547.84221,162.02767081811194,228.699295
20007,2017-01-01,2019-12-01,36.0,22018.452340000003,611.6236761111112,591.878585,211.5343677966085,343.0190175
20008,2017-01-01,2019-12-01,36.0,19948.293519999996,554.1192644444443,537.799325,161.53455822956823,187.58668
20009,2017-01-01,2019-12-01,36.0,16891.02429,469.1951191666667,465.09013000000004,115.37877052595566,160.73753750000003
20010,2017-01-01,2019-12-01,36.0,18671.07918,518.6410883333333,479.04299000000003,226.85740038971952,240.95635500000003
20011,2017-01-01,2019-12-01,36.0,16085.4057,446.816825,434.69244000000003,156.01130019455059,242.41990500000003
20012,2017-01-01,2019-12-01,36.0,17813.599349999997,494.82220416666655,480.38151500000004,183.54477038442414,326.01590500000003
20013,2017-01-01,2019-12-01,36.0,15940.344420000001,442.787345,435.60153,104.96594698026641,137.97078750000003
20014,2017-01-01,2019-12-01,36.0,16177.734350000002,449.3815097222223,457.97895500000004,110.03980771032411,166.62347249999993
20015,2017-01-01,2019-12-01,36.0,14830.36374,411.9545483333334,429.209875,81.24078791682435,142.92585499999996
20016,2017-01-01,2019-12-01,36.0,14351.40252,398.65006999999997,399.91769999999997,117.8580679343153,188.05059000000006
20017,2017-01-01,2019-12-01,36.0,13495.98843,374.88856749999997,346.100825,117.34524504288726,166.35080999999997
20018,2017-01-01,2019-12-01,36.0,13178.808570000001,366.0780158333334,342.71836499999995,127.36088835975329,168.591
20019,2017-01-01,2019-12-01,36.0,13766.52294,382.403415,351.30159000000003,146.48661692564906,159.730275
20020,2017-01-01,2019-12-01,36.0,12258.39004,340.51083444444447,317.623495,126.72364191624355,135.17214
20021,2017-01-01,2019-12-01,36.0,12501.89126,347.2747572222222,321.061215,147.31227231998832,214.6129325
20022,2017-01-01,2019-12-01,36.0,10693.99924,297.05553444444445,316.295605,144.15895095505073,180.69977749999998
20023,2017-01-01,2019-12-01,36.0,10435.2885,289.869125,263.121495,87.83171566666418,100.83528000000001
20024,2017-01-01,2019-12-01,36.0,10638.711720000001,295.51977000000005,274.6107,103.3091214690819,144.08257499999996
20025,2017-01-01,2019-12-01,36.0,9316.91124,258.80309,257.74749,74.98551024716974,94.14404999999996
20026,2017-01-01,2019-12-01,36.0,9443.214259999999,262.3115072222222,250.248525,66.31866583957266,100.32993500000003
20027,2017-01-01,2019-12-01,36.0,8423.795660000002,233.99432388888894,239.52403,46.55137701556103,45.5721125
20028,2017-01-01,2019-12-01,36.0,9242.005500000001,256.72237500000006,271.87524,86.47883308175949,89.60269499999998
20029,2017-01-01,2019-12-01,36.0,8748.07878,243.00218833333332,224.571945,78.69483523923135,115.21619500000003
20030,2017-01-01,2019-12-01,36.0,9922.9676,275.6379888888889,240.0398,155.1626833934643,217.89039999999997
20031,2017-01-01,2019-12-01,36.0,8598.56508,238.84903,225.66833000000003,86.38971390056206,122.31707750000004
20032,2019-02-01,2019-12-01,11.0,6493.67026,590.33366,605.54931,183.37430350664104,192.46702000000005
20033,2017-01-01,2019-12-01,36.0,7853.380080000001,218.14944666666668,210.96894,69.07764812050857,78.939315
20035,2017-01-01,2019-12-01,36.0,7687.630280000001,213.54528555555558,195.690845,75.01524096901095,54.453655
20037,2017-01-01,2019-12-01,36.0,6121.9892,170.05525555555556,137.409865,91.30497279488812,132.37225
20038,2017-01-01,2019-12-01,36.0,7079.26962,196.64637833333333,188.863575,65.72345342020839,86.4033925
20039,2017-01-01,2019-12-01,36.0,6490.58203,180.29394527777777,184.33509,49.73637409365127,90.06159000000002
20041,2017-01-01,2019-12-01,36.0,6889.8849900000005,191.38569416666667,168.77085,76.85698998907912,87.89290249999999
20042,2017-01-01,2019-12-01,36.0,5978.334159999999,166.06483777777777,164.41545000000002,36.8000826539252,59.82984250000001
20043,2017-01-01,2019-12-01,36.0,6751.61737,187.54492694444446,179.90918,66.7919373762227,87.68319749999998
20044,2017-01-01,2019-12-01,36.0,6142.55226,170.62645166666667,166.65731,54.654379749391595,65.16523000000001
20045,2017-01-01,2019-12-01,36.0,6354.634250000001,176.51761805555557,171.10454,42.570515838664065,59.11515750000001
20046,2017-01-01,2019-12-01,36.0,6249.95486,173.60985722222222,153.136655,55.573684618839344,68.96276250000003
20047,2017-01-01,2019-12-01,36.0,6209.989879999999,172.49971888888888,170.56369999999998,44.81274291212788,46.72041500000003
20049,2017-08-01,2019-12-01,29.0,6146.87907,211.96134724137931,218.98968,73.64346794470335,96.72832999999997
20050,2017-01-01,2019-12-01,36.0,6017.164130000001,167.14344805555558,164.8221,57.999714690208194,64.39739500000002
20051,2017-01-01,2019-12-01,36.0,6162.17471,171.17151972222223,172.1772,64.77388286143656,84.61934499999998
20052,2017-01-01,2019-12-01,36.0,6250.855570000001,173.63487694444447,164.332875,68.15171843002263,84.34410499999998
20053,2017-01-01,2019-12-01,36.0,5472.14844,152.00412333333333,150.44361,29.56891006423673,38.515405000000015
20054,2017-01-01,2019-12-01,36.0,5266.38674,146.28852055555555,138.88232,43.70614901147846,51.4774125
20055,2017-01-01,2019-12-01,36.0,5786.48151,160.73559749999998,160.38959,62.250900159474014,95.51062000000002
20056,2017-01-01,2019-12-01,36.0,5756.684980000001,159.90791611111115,155.805305,73.04739121387243,128.05280249999998
20057,2017-01-01,2019-12-01,36.0,5335.841679999999,148.2178244444444,139.99383999999998,35.85459758341496,55.102350000000015
20058,2017-01-01,2019-12-01,36.0,5164.659930000001,143.46277583333335,138.140335,33.563613708549354,47.137992499999996
20059,2017-01-01,2019-12-01,36.0,4889.93924,135.83164555555555,137.43679,31.0673768782952,40.626549999999995
20061,2017-01-01,2019-12-01,36.0,4932.912630000001,137.02535083333336,138.843465,32.2513362298455,31.85215749999999
20062,2017-01-01,2019-12-01,36.0,4483.54137,124.54281583333334,121.22503,38.44179560733316,45.005165000000005
20063,2017-01-01,2019-12-01,36.0,4640.03214,128.88978166666666,131.03045500000002,30.021535367937894,45.658177499999994
20065,2017-01-01,2019-12-01,36.0,4903.336619999999,136.20379499999999,136.269315,39.23728087118143,53.609692499999994
20066,2017-01-01,2019-12-01,36.0,4669.374249999999,129.70484027777775,134.1762,37.400840184667544,48.423670000000016
20067,2017-01-01,2019-12-01,36.0,4848.619559999999,134.68387666666663,136.26414499999998,45.264119601902536,68.2281125
20068,2017-01-01,2019-12-01,36.0,4608.722690000001,128.02007472222226,125.490505,25.25142205915715,37.19533999999999
20069,2017-01-01,2019-12-01,36.0,4772.007870000001,132.5557741666667,130.26259,30.408325391333715,45.22192750000001
20070,2017-01-01,2019-12-01,36.0,4170.25529,115.84042472222222,116.30726,23.9944365319222,31.540615000000003
20071,2017-01-01,2019-12-01,36.0,4453.484240000001,123.70789555555558,120.198665,42.622815035310474,38.742005000000006
20072,2017-01-01,2019-12-01,36.0,4404.745800000001,122.35405000000002,118.61577,36.381246825309326,57.55522500000001
20073,2017-01-01,2019-12-01,36.0,3457.72372,96.04788111111111,98.996035,25.694190286783932,30.255020000000002
20074,2017-01-01,2019-12-01,36.0,4403.65004,122.32361222222224,117.30143000000001,41.92331916123866,49.85274749999999
20075,2017-01-01,2019-12-01,36.0,4494.81263,124.8559063888889,126.172645,41.11071411366469,39.75149499999999
20076,2017-01-01,2019-12-01,36.0,3733.00415,103.69455972222222,99.335365,23.094853991595677,32.7885225
20077,2017-01-01,2019-12-01,36.0,4797.249529999999,133.25693138888886,124.64238499999999,53.73424287687604,56.048445000000015
20079,2017-01-01,2019-12-01,36.0,4178.824629999999,116.07846194444443,112.82069,54.94722470171859,80.0559025
20080,2017-01-01,2019-12-01,36.0,3678.1085,102.16968055555554,107.6731,38.203945857237535,45.647517500000006
20081,2017-01-01,2019-12-01,36.0,3696.66297,102.6850825,93.99663,26.697728437781834,28.744852499999993
20082,2017-01-01,2019-12-01,36.0,3443.4391700000006,95.65108805555558,97.40753000000001,35.155652738532375,40.497905
20084,2017-01-01,2019-12-01,36.0,3599.8092999999994,99.99470277777776,94.12799000000001,44.18516957658024,53.67246999999999
20085,2018-10-01,2019-12-01,15.0,2733.69763,182.24650866666667,192.12332,45.06929000519912,57.51985000000002
20086,2017-01-01,2019-12-01,36.0,3074.41791,85.4004975,81.01169999999999,28.458310422431456,45.748949999999994
20087,2017-01-01,2019-12-01,36.0,3996.5184400000003,111.01440111111111,103.63119,53.649039632204776,78.9542375
20089,2018-07-01,2019-12-01,17.0,3061.88992,180.1111717647059,199.63294,82.17172778033355,139.74301000000003
20090,2017-01-01,2019-12-01,36.0,3277.32335,91.03675972222223,79.63091,43.81557801054614,71.37517999999999
20091,2017-01-01,2019-12-01,36.0,3696.42228,102.67839666666666,97.15751,30.777818977344243,30.206905000000006
20092,2017-01-01,2019-12-01,36.0,3156.5979899999998,87.68327749999999,81.24070499999999,36.53152620231825,38.81241
20093,2017-01-01,2019-12-01,36.0,3281.26617,91.1462825,87.50196,22.499883179413732,26.134290000000007
20094,2017-01-01,2019-12-01,36.0,3612.5600700000005,100.34889083333334,102.26911999999999,34.96008086498611,42.56998250000001
20095,2017-01-01,2019-12-01,36.0,3256.79701,90.4665836111111,94.8983,31.65507656874537,36.769684999999996
20096,2017-01-01,2019-12-01,36.0,3336.32463,92.67568416666667,84.32010500000001,31.068968394972075,50.724835
20097,2017-01-01,2019-12-01,36.0,3886.4159899999995,107.9559997222222,82.00910999999999,60.428028873362614,52.070435
20099,2017-01-01,2019-12-01,36.0,3312.4875300000003,92.01354250000001,91.87806,26.945158593567083,38.73853750000001
20100,2017-01-01,2019-12-01,36.0,3604.61306,100.12814055555556,94.47987,37.7726895940204,41.709630000000004
20101,2017-01-01,2019-12-01,36.0,3072.888,85.358,84.00483,22.559681615261326,25.986869999999982
20102,2017-01-01,2019-12-01,36.0,3669.88707,101.94130750000001,76.96865,93.14939232367365,75.4394225
20103,2017-01-01,2019-12-01,36.0,3017.1626100000003,83.8100725,80.55861,17.773619637757747,18.278684999999996
20106,2017-01-01,2019-12-01,36.0,2851.3321199999996,79.20366999999999,74.02122,19.99901686952036,22.029052500000006
20107,2017-01-01,2019-12-01,36.0,3128.1773000000003,86.8938138888889,87.73168000000001,29.61384873240368,31.259192499999997
20108,2017-01-01,2019-12-01,36.0,3004.91712,83.46992,77.581305,29.340858451586392,34.698587499999995
20109,2017-01-01,2019-12-01,36.0,3023.14919,83.97636638888889,77.91039,28.33911351673092,44.69892500000001
20111,2017-01-01,2019-12-01,36.0,2718.8870799999995,75.5246411111111,75.140625,15.865308572142965,21.206032500000006
20112,2017-11-01,2019-12-01,26.0,1840.5693399999998,70.79112846153845,70.80338499999999,20.283069402557334,24.687574999999995
20114,2017-01-01,2019-12-01,36.0,2553.87951,70.94109750000001,66.621555,17.48102571018832,14.942655000000002
20116,2017-01-01,2019-12-01,36.0,2909.64315,80.82342083333333,70.22126,41.42563466733001,37.780272499999995
20117,2017-01-01,2019-12-01,36.0,2611.0103,72.52806388888888,71.87517,26.929708870545323,36.685485
20118,2017-01-01,2019-12-01,36.0,2853.60259,79.26673861111111,72.967235,32.41355022011153,28.855242499999996
20119,2017-01-01,2019-12-01,36.0,3134.2349199999994,87.0620811111111,82.329215,32.45402328050198,42.54335999999999
20120,2017-01-01,2019-12-01,36.0,2743.1900000000005,76.19972222222223,73.207675,17.74743652317453,17.111369999999994
20121,2017-01-01,2019-12-01,36.0,2818.30279,78.28618861111111,77.95713,32.65467188429483,36.5700625
20122,2017-01-01,2019-12-01,36.0,2598.75056,72.18751555555555,68.43749,17.65154431712509,17.982277500000002
20123,2017-01-01,2019-12-01,36.0,2506.9999500000004,69.63888750000001,63.64449,18.0783649462728,24.1789275
20124,2017-01-01,2019-12-01,36.0,2584.31803,71.78661194444445,72.66047,18.37782717480401,31.479774999999997
20125,2017-01-01,2019-12-01,36.0,2481.58638,68.932955,66.05235,20.757726377966833,29.14206750000001
20126,2018-04-01,2019-12-01,21.0,2075.62496,98.83928380952382,94.95288,40.53972788786963,43.44461000000001
20127,2019-09-01,2019-12-01,4.0,833.7498,208.43745,178.572635,187.44112267300596,125.11621000000002
20129,2017-01-01,2019-12-01,36.0,2577.13622,71.58711722222222,67.07179500000001,18.520086614338286,23.826312500000007
20130,2018-05-01,2019-12-01,20.0,1944.2924900000003,97.21462450000001,90.23345,29.10631948762971,41.571415
20132,2017-01-01,2019-12-01,36.0,2506.28815,69.61911527777778,68.552945,17.065600559959123,19.821372500000003
20133,2017-01-01,2019-12-01,36.0,2276.8609500000002,63.2461375,63.787814999999995,20.59289741125481,29.248537500000005
20134,2017-01-01,2019-12-01,36.0,2280.5054999999998,63.34737499999999,64.328355,18.142691915520693,24.3058725
20135,2018-04-01,2019-12-01,21.0,2241.37195,106.73199761904763,105.32213999999999,36.347592044009176,65.18499999999999
20137,2017-01-01,2019-12-01,36.0,2261.33448,62.81484666666667,62.774095,13.445708124893768,16.432984999999995
20138,2017-01-01,2019-12-01,36.0,2251.4670799999994,62.54075222222221,58.05548,25.397882310835865,34.05344750000001
20139,2017-01-01,2019-12-01,36.0,2137.18869,59.3663525,57.571605,17.606857042305563,28.886129999999994
20140,2017-01-01,2019-12-01,36.0,2136.25503,59.340417499999994,61.093305,21.586036743552185,25.864019999999996
20142,2017-01-01,2019-12-01,36.0,1988.3983699999999,55.233288055555555,52.554715,19.20966940817192,30.003685000000004
20143,2018-05-01,2019-12-01,20.0,1964.0418699999998,98.20209349999999,109.664655,38.69545869643977,38.60759999999999
20144,2017-01-01,2019-12-01,36.0,2021.69768,56.15826888888889,57.074465000000004,13.968632456158904,17.440115000000006
20145,2017-01-01,2019-12-01,36.0,1971.78649,54.77184694444444,53.83768499999999,17.01324520929734,20.948069999999994
20146,2017-01-01,2019-12-01,36.0,2302.06704,63.946306666666665,61.390875,26.58849410325301,33.138104999999996
20148,2017-01-01,2019-12-01,36.0,1868.2253800000003,51.895149444444456,43.10738,25.627508432410554,26.359027499999996
20150,2018-04-01,2019-12-01,21.0,1976.37665,94.1131738095238,79.43411,60.749579466584244,59.56792
20151,2017-01-01,2019-12-01,36.0,2304.9986999999996,64.02774166666666,62.762159999999994,22.92557435306026,30.0250025
20152,2017-01-01,2019-12-01,36.0,1718.17873,47.72718694444445,37.82786,23.898765581544026,26.93096
20153,2017-01-01,2019-12-01,36.0,1732.6757900000005,48.12988305555557,46.565045,17.123844542817533,14.515172499999998
20155,2017-01-01,2019-12-01,36.0,1713.9166999999998,47.608797222222215,47.482595,14.583438759781808,16.78056
20157,2017-01-01,2019-12-01,36.0,1670.5143199999998,46.40317555555555,45.316959999999995,17.868686937086732,19.33016
20158,2017-01-01,2019-12-01,36.0,1892.3049599999997,52.564026666666656,49.122254999999996,17.20106422797729,18.205005
20159,2018-05-01,2019-12-01,20.0,1488.953,74.44765,72.309575,24.165696315522613,41.399519999999995
20160,2017-01-01,2019-12-01,36.0,1865.17107,51.8103075,49.716454999999996,12.02720647100288,14.692225000000008
20161,2017-01-01,2019-12-01,36.0,2044.94137,56.80392694444444,57.251495000000006,13.083776814308369,19.24833000000001
20162,2017-01-01,2019-12-01,36.0,1030.95284,28.637578888888886,21.77655,16.258740696225043,22.14101
20164,2018-01-01,2019-12-01,24.0,1289.8249,53.74270416666667,55.5919,15.98540979881557,19.00535
20166,2017-01-01,2019-12-01,36.0,1771.9139799999998,49.219832777777775,49.64174,14.745171433244874,19.696965000000006
20167,2017-01-01,2019-12-01,36.0,1516.2364599999999,42.11767944444444,40.65395,13.768157719868373,15.710255000000004
20168,2017-01-01,2019-12-01,36.0,1787.2893000000004,49.64692500000001,55.297225,23.68937029090238,42.227472500000005
20170,2018-05-01,2019-12-01,20.0,1460.2376699999995,73.01188349999998,71.48021,22.222026954219206,26.715067500000004
20174,2019-06-01,2019-12-01,7.0,803.68231,114.81175857142857,120.97136,38.43015454642332,56.200094999999976
20175,2017-01-01,2019-12-01,36.0,1680.55052,46.681958888888886,43.84856,17.724304292363357,20.251567500000007
20176,2017-01-01,2019-12-01,36.0,1508.3543999999997,41.898733333333325,40.427155,11.951322664336601,13.451740000000008
20177,2017-01-01,2019-12-01,36.0,1455.52857,40.431349166666664,37.61037,11.843792987842892,15.339307499999997
20179,2017-01-01,2019-12-01,36.0,1323.30776,36.75854888888889,37.703575,14.494260461578138,18.907865
20180,2017-01-01,2019-12-01,36.0,1480.26243,41.11840083333333,39.87845,11.867040614036213,13.496982500000001
20181,2017-01-01,2019-12-01,36.0,1439.9573799999998,39.998816111111104,39.54929,9.662529852161102,9.334857499999998
20182,2017-01-01,2019-12-01,36.0,1462.2599300000004,40.6183313888889,42.330265,12.044444917960943,14.215842499999994
20183,2017-01-01,2019-12-01,36.0,1464.3925100000001,40.67756972222222,33.27739,19.090092821632823,22.2080025
20184,2017-01-01,2019-12-01,36.0,1427.6125000000002,39.65590277777778,37.971605,13.01683643149871,12.715409999999991
20187,2017-01-01,2019-12-01,36.0,1442.42776,40.067437777777776,41.943115,10.93485369627442,16.1021875
20188,2017-01-01,2019-12-01,36.0,1413.77236,39.271454444444444,38.32427,15.240093190284153,17.514374999999994
20189,2017-01-01,2019-12-01,36.0,1236.8693500000004,34.35748194444446,34.346325,10.407974188194583,14.243462500000003
20192,2017-01-01,2019-12-01,35.0,1275.48989,36.44256828571429,28.71536,27.22204280947978,26.030420000000003
20193,2017-01-01,2019-12-01,36.0,1336.20635,37.116843055555556,35.57715,11.443565185437327,11.7193425
20196,2017-01-01,2019-12-01,36.0,1271.64128,35.32336888888889,36.69939,13.448061570886878,16.359525000000005
20197,2017-01-01,2019-12-01,36.0,1346.3715300000001,37.39920916666667,36.552475,10.651925971332368,16.5340625
20198,2017-01-01,2019-12-01,36.0,1323.1452199999999,36.754033888888884,34.80469,9.990630945370848,11.247239999999998
20200,2017-01-01,2019-12-01,36.0,1242.0364900000002,34.50101361111112,34.274065,7.773877524829698,6.3896725
20201,2017-01-01,2019-12-01,36.0,1333.12807,37.03133527777778,37.487575,11.882478131687487,16.813344999999998
20202,2017-10-01,2019-12-01,27.0,1084.4368599999998,40.164328148148144,38.38773,15.039723699698904,17.303364999999996
20203,2018-01-01,2019-12-01,24.0,951.0137000000001,39.625570833333335,39.31655,15.91290495001597,20.436324999999997
20205,2017-01-01,2019-12-01,36.0,1312.3772199999999,36.454922777777774,34.330529999999996,10.214660777835135,14.8750875
20206,2017-01-01,2019-12-01,36.0,1315.13928,36.53164666666667,35.75754,9.809983609413422,11.859119999999997
20207,2017-01-01,2019-12-01,36.0,1379.2413299999998,38.312259166666664,32.925979999999996,21.000953874974805,19.817707500000004
20208,2017-01-01,2019-12-01,36.0,1162.8737,32.30204722222223,30.35934,9.496864635866666,7.149722500000003
20209,2017-01-01,2019-12-01,36.0,1051.6398299999998,29.212217499999994,28.026249999999997,9.586807604580182,12.003430000000002
20210,2019-09-01,2019-12-01,4.0,328.70928,82.17732,93.26962,60.23795669072284,83.38286500000001
20211,2017-01-01,2019-12-01,36.0,1366.8547600000002,37.968187777777786,39.657145,12.551271854494635,20.043639999999996
20212,2017-01-01,2019-12-01,36.0,1037.30178,28.813938333333333,28.784715,9.271923535834253,11.507114999999995
20213,2019-08-01,2019-12-01,5.0,390.60104,78.120208,86.10789,26.428372075055435,39.90369
20215,2017-01-01,2019-12-01,36.0,1086.6879600000002,30.185776666666673,27.553069999999998,11.19099200544591,10.496527499999996
20216,2017-01-01,2019-12-01,36.0,1197.27276,33.257576666666665,30.1126,16.54277123304056,23.03569
20218,2018-01-01,2019-12-01,24.0,688.93616,28.705673333333333,29.017985000000003,9.531637852984165,11.243180000000002
20219,2017-01-01,2019-12-01,36.0,1095.3988900000002,30.42774694444445,28.547465,9.146683015008795,15.710664999999995
20220,2017-01-01,2019-12-01,36.0,1050.0977799999998,29.169382777777773,28.35076,7.765642458957501,8.1452475
20222,2017-01-01,2019-12-01,36.0,1065.6794599999998,29.60220722222222,28.39985,9.382576939225968,13.199887500000003
20224,2017-01-01,2019-12-01,36.0,1041.9536400000002,28.94315666666667,29.82798,8.391122591141189,8.060324999999999
20225,2017-01-01,2019-12-01,36.0,795.57459,22.099294166666667,21.34588,8.946861765843092,8.338080000000001
20226,2017-01-01,2019-12-01,36.0,993.2648200000001,27.590689444444447,27.02244,9.38941772910423,10.609192500000002
20227,2017-01-01,2019-12-01,36.0,1019.6168,28.32268888888889,25.573639999999997,14.927757837336031,14.411470000000001
20228,2017-01-01,2019-12-01,36.0,1035.9774000000002,28.777150000000006,27.84386,12.876979351573546,16.715204999999994
20230,2017-01-01,2019-12-01,36.0,759.63639,21.101010833333333,20.03903,7.1498753601653275,9.803565
20231,2017-01-01,2019-12-01,36.0,988.9958400000002,27.472106666666672,26.58728,7.576045622326806,9.530682500000005
20232,2017-01-01,2019-12-01,36.0,990.5067899999999,27.5140775,25.174695,11.757493895688187,10.527562499999998
20233,2017-01-01,2019-12-01,36.0,901.2108900000001,25.033635833333335,21.715564999999998,13.500461021287357,12.631897500000001
20234,2017-01-01,2019-12-01,36.0,908.40075,25.23335416666667,19.0137,19.409849749064353,35.8136925
20235,2017-01-01,2019-12-01,36.0,920.0937800000002,25.55816055555556,22.750345000000003,11.164298863005348,16.262617499999998
20236,2019-07-01,2019-12-01,6.0,585.69625,97.61604166666666,98.32449,48.316635082901385,46.26516749999999
20237,2018-03-01,2019-12-01,22.0,1032.25496,46.92068,46.52879,15.441410779869392,18.8981425
20238,2017-01-01,2019-12-01,36.0,883.0096599999998,24.528046111111106,23.514944999999997,9.702169845533163,10.917350000000003
20239,2017-01-01,2019-12-01,36.0,787.3237200000001,21.870103333333336,21.5474,8.4561522642765,11.862357500000002
20240,2017-01-01,2019-12-01,36.0,845.9555299999998,23.49876472222222,21.968020000000003,9.782450580842786,13.77466
20241,2017-01-01,2019-12-01,36.0,894.6082,24.85022777777778,23.277005000000003,7.253125445770695,8.669652500000002
20242,2017-01-01,2019-12-01,36.0,1018.46009,28.290558055555557,29.09527,13.494142168959478,16.303567500000007
20244,2017-01-01,2019-12-01,36.0,812.4233800000001,22.56731611111111,23.10338,8.103488329311828,13.243972500000002
20246,2017-01-01,2019-12-01,36.0,907.48655,25.20795972222222,24.47626,8.35911678477286,10.291282499999998
20249,2017-01-01,2019-12-01,36.0,802.4301000000002,22.289725000000004,19.32485,11.296477722295439,15.1191025
20251,2017-01-01,2019-12-01,36.0,839.4420600000001,23.317835000000002,22.07639,8.215367248445528,12.04129
20252,2017-01-01,2019-12-01,36.0,843.15269,23.420908055555557,21.713445,9.241127331973495,11.8265025
20253,2017-01-01,2019-12-01,36.0,825.1620200000001,22.921167222222223,23.60192,6.834838914350762,7.9036374999999985
20254,2017-01-01,2019-12-01,36.0,856.4401200000001,23.790003333333335,24.127675,6.539104758311449,10.509227500000001
20255,2017-01-01,2019-12-01,36.0,738.0509000000001,20.50141388888889,18.65061,9.769984610900083,13.352274999999999
20256,2017-01-01,2019-12-01,36.0,781.2451100000001,21.701253055555558,20.45159,7.163180900726722,9.900937499999994
20257,2019-08-01,2019-12-01,5.0,291.14927,58.229854,53.89468,18.11561447038935,12.022300000000001
20259,2017-01-01,2019-12-01,36.0,750.3904200000002,20.84417833333334,18.88904,8.32258317695225,11.9052225
20261,2019-07-01,2019-12-01,6.0,430.36536,71.72756,62.083755,27.238598636544435,26.175264999999996
20262,2018-04-01,2019-12-01,21.0,534.52519,25.453580476190474,25.6396,9.896110724471749,14.942139999999995
20263,2017-01-01,2019-12-01,36.0,792.44854,22.012459444444445,22.28773,5.076549254669494,5.733790000000003
20264,2017-01-01,2019-12-01,36.0,881.5374,24.48715,22.20216,9.158364245906425,12.179290000000002
20265,2017-01-01,2019-12-01,36.0,743.7703900000001,20.660288611111113,13.93193,15.931711786329295,26.594985
20266,2018-05-01,2019-12-01,20.0,671.01762,33.550881,32.204445,12.06888417095837,9.838919999999998
20267,2017-01-01,2019-12-01,36.0,771.6499599999999,21.434721111111106,21.89096,4.600231943707546,6.0336575
20268,2017-01-01,2019-12-01,36.0,780.10939,21.669705277777776,21.96988,7.917278091953603,11.09835
20269,2017-01-01,2019-12-01,36.0,788.22973,21.89527027777778,20.253034999999997,9.172250986607528,9.441329999999997
20270,2017-01-01,2019-12-01,36.0,846.5347099999998,23.514853055555548,22.341295000000002,8.237119876416175,8.674442500000005
20271,2017-01-01,2019-12-01,36.0,792.62638,22.017399444444447,20.100745,10.349997186854537,13.170860000000001
20272,2017-01-01,2019-12-01,36.0,750.5677099999999,20.849103055555553,20.34104,5.534539479014011,8.185490000000001
20273,2017-01-01,2019-12-01,36.0,761.89014,21.163615,19.075475,7.252700521528121,10.275615000000002
20275,2017-01-01,2019-12-01,36.0,725.3275600000001,20.14798777777778,20.073805,6.858684749326261,5.443022499999998
20276,2017-01-01,2019-12-01,36.0,726.0843100000001,20.169008611111114,20.32137,4.554093844802029,4.863875
20277,2017-01-01,2019-12-01,36.0,758.2548199999999,21.062633888888886,20.529200000000003,9.0236094181995,10.614627500000003
20278,2017-01-01,2019-12-01,36.0,697.3017,19.369491666666665,17.801859999999998,9.699891890936723,15.146064999999998
20280,2017-01-01,2019-12-01,36.0,728.27733,20.229925833333333,21.494775,7.56364965402337,9.846622500000002
20281,2017-01-01,2019-12-01,36.0,694.7159,19.29766388888889,20.6535,7.55058350399312,10.857327500000002
20282,2017-01-01,2019-12-01,36.0,748.20146,20.78337388888889,19.617345,7.813751705596003,11.08456
20283,2017-01-01,2019-12-01,36.0,741.7603199999999,20.60445333333333,19.612725,7.649219176390676,8.475684999999999
20284,2017-01-01,2019-12-01,36.0,734.5218199999999,20.403383888888886,21.896375,6.124505246445056,10.769627500000002
20285,2017-01-01,2019-12-01,36.0,645.1659199999999,17.921275555555553,16.274810000000002,7.340738697680595,8.454845000000002
20286,2019-03-01,2019-12-01,10.0,497.78056999999995,49.778057,48.823825,10.646331741138768,10.271702499999996
20288,2017-01-01,2019-12-01,36.0,698.7455300000001,19.40959805555556,19.679479999999998,6.459351845846376,6.043047499999998
20289,2017-01-01,2019-12-01,36.0,769.8418,21.384494444444446,20.69795,7.7104236693654595,8.238912499999998
20290,2017-01-01,2019-12-01,36.0,679.3793599999998,18.871648888888885,18.892519999999998,6.144689053860498,6.969305
20291,2017-01-01,2019-12-01,36.0,705.5265199999999,19.597958888888886,19.514069999999997,6.065339186418786,7.09468
20292,2017-01-01,2019-12-01,36.0,699.2212,19.42281111111111,19.36702,5.880199078422808,8.483465
20295,2017-01-01,2019-12-01,36.0,684.2560999999998,19.007113888888885,18.806269999999998,6.2465243692057735,6.198815
20296,2017-01-01,2019-12-01,36.0,662.6528,18.40702222222222,17.9828,4.579106305469979,4.9410375
20297,2017-11-01,2019-12-01,26.0,610.41815,23.47762115384615,21.321035000000002,9.611197476063563,11.133035
20298,2017-07-01,2019-12-01,30.0,561.9503900000001,18.73167966666667,18.405895,7.54753446945995,8.346477499999999
20299,2017-01-01,2019-12-01,36.0,735.31731,20.425480833333335,18.40566,8.979434967868801,13.949617500000002
20300,2017-01-01,2019-12-01,36.0,643.67178,17.879771666666667,18.204925000000003,4.563097503062397,5.670057500000002
20301,2017-01-01,2019-12-01,36.0,688.04735,19.112426388888892,17.996415,6.992082174155954,8.7731775
20302,2017-01-01,2019-12-01,36.0,642.80374,17.85565944444444,12.407045,14.051638371025014,23.13322
20303,2017-01-01,2019-12-01,36.0,695.2718799999999,19.313107777777773,18.49158,5.721577195805922,9.561082499999998
20304,2017-01-01,2019-12-01,36.0,713.7086,19.82523888888889,19.656,10.934994166296903,16.033015
20305,2017-01-01,2019-12-01,36.0,627.57065,17.432518055555555,13.65248,13.818634790884541,23.092419999999997
20306,2017-11-01,2019-12-01,26.0,603.1058800000002,23.19638000000001,22.929855,7.646580343889156,10.149915
20307,2017-01-01,2019-12-01,36.0,644.56824,17.90467333333333,16.287495,5.0451400212815845,8.4952875
20309,2017-01-01,2019-12-01,36.0,652.70084,18.130578888888888,18.26021,5.268097493816788,5.983074999999998
20310,2017-01-01,2019-12-01,36.0,645.4346199999999,17.928739444444442,15.92023,5.532884426320736,9.177992500000002
20311,2017-01-01,2019-12-01,36.0,733.86222,20.385061666666665,19.998615,6.572678324684695,5.728222500000005
20313,2017-01-01,2019-12-01,33.0,571.9896,17.333018181818183,19.23012,9.37181207453415,14.5782
20314,2017-01-01,2019-12-01,36.0,631.5909699999999,17.54419361111111,17.287605,4.344067764110469,5.567169999999999
20315,2017-01-01,2019-12-01,36.0,616.8284199999999,17.134122777777776,16.982095,5.024563041170907,5.8288875
20316,2017-01-01,2019-12-01,36.0,593.9282499999999,16.49800694444444,15.397155,7.882099632857377,10.8594775
20317,2017-01-01,2019-12-01,36.0,642.3838300000001,17.84399527777778,17.36874,4.16995641527787,4.506872499999998
20319,2017-06-01,2019-12-01,31.0,582.1942,18.78045806451613,17.46345,5.225237315436445,6.686744999999998
20320,2017-01-01,2019-12-01,36.0,584.0238199999999,16.222883888888887,16.01527,4.109239539328955,4.463827500000001
20321,2017-01-01,2019-12-01,36.0,603.2680300000001,16.75744527777778,15.23347,7.0532638020813705,7.6063575
20322,2017-01-01,2019-12-01,36.0,731.7589499999999,20.326637499999997,17.251495,11.55211567042366,13.044555
20323,2017-11-01,2019-12-01,26.0,575.4016099999999,22.13083115384615,24.034534999999998,9.72965999087998,13.5131125
20324,2017-01-01,2019-12-01,36.0,623.7300799999999,17.325835555555553,16.811030000000002,6.436195574605698,8.3248975
20325,2017-01-01,2019-12-01,36.0,705.68559,19.602377500000003,15.37536,12.963045942547472,18.992067499999997
20326,2017-01-01,2019-12-01,36.0,589.3883100000002,16.371897500000003,16.82403,3.6786262521819393,3.9525000000000006
20327,2017-01-01,2019-12-01,36.0,580.3608999999999,16.12113611111111,14.71282,6.562944858522094,7.9166574999999995
20328,2017-01-01,2019-12-01,36.0,651.2660699999999,18.090724166666664,18.303285000000002,4.9521913692208015,5.846295000000001
20329,2017-01-01,2019-12-01,36.0,584.07055,16.224181944444446,15.228655,5.766734519705643,6.462795
20330,2017-01-01,2019-12-01,36.0,597.55709,16.598808055555555,16.0994,4.252753205449597,4.7196725000000015
20332,2017-01-01,2019-12-01,36.0,629.79026,17.494173888888888,16.729084999999998,7.778200134412028,9.501535
20334,2017-10-01,2019-12-01,27.0,555.6850199999999,20.580926666666663,20.73928,10.40993467157917,12.578914999999999
20335,2017-01-01,2019-12-01,36.0,600.3011700000001,16.6750325,15.770295,5.038269838114993,8.580417500000001
20336,2017-01-01,2019-12-01,36.0,569.33442,15.814845,15.99796,4.724951025790336,7.8470975
20337,2017-10-01,2019-12-01,27.0,528.2114100000001,19.56338555555556,18.90246,6.237934248615379,8.13101
20338,2017-01-01,2019-12-01,36.0,581.17861,16.14385027777778,15.734760000000001,5.120342897697651,6.675034999999998
20340,2017-10-01,2019-12-01,27.0,550.00037,20.370384074074074,20.035420000000002,9.413562117380785,11.94919
20341,2017-01-01,2019-12-01,36.0,505.01324000000005,14.028145555555557,13.93814,4.399733118210984,6.571225
20342,2017-01-01,2019-12-01,36.0,603.1537099999999,16.75426972222222,16.980755000000002,6.032589034984889,5.832845000000001
20343,2017-07-01,2019-12-01,30.0,472.83477,15.761159,15.91687,5.978313082754197,5.065314999999998
20344,2017-11-01,2019-12-01,26.0,538.92276,20.727798461538463,20.203015,5.418079191028269,5.220332499999998
20346,2017-01-01,2019-12-01,36.0,567.98159,15.777266388888888,15.80807,5.152570311548071,7.1205275000000015
20348,2017-11-01,2019-12-01,26.0,524.41395,20.169767307692307,18.808655,4.942180399206453,5.438622500000001
20349,2017-01-01,2019-12-01,36.0,538.0647200000001,14.946242222222224,14.145925,4.288901767840948,5.115095
20350,2017-01-01,2019-12-01,36.0,539.06088,14.973913333333334,10.483725,12.237853081078045,20.1447575
20351,2018-04-01,2019-12-01,21.0,484.14714,23.054625714285713,23.52015,7.506516984198179,10.737350000000003
20352,2017-01-01,2019-12-01,36.0,511.83836999999994,14.217732499999999,13.555879999999998,3.3301937016785206,5.2586974999999985
20353,2017-01-01,2019-12-01,36.0,543.39663,15.094350833333332,15.453595,5.81433067797901,7.898199999999999
20354,2017-01-01,2019-12-01,36.0,502.59074,13.960853888888888,14.095355,3.3629553347820025,4.494912500000002
20355,2019-04-01,2019-12-01,9.0,319.92324999999994,35.54702777777777,40.70575,12.73032210096015,16.63791
20356,2017-01-01,2019-12-01,36.0,531.7955099999999,14.772097499999997,14.938295,4.664132971671232,6.263907499999998
20357,2017-01-01,2019-12-01,36.0,539.64679,14.990188611111112,15.057585,5.588519228322678,7.444687500000001
20358,2017-01-01,2019-12-01,36.0,572.1635199999998,15.893431111111106,14.026615,7.818710433152654,10.004789999999998
20359,2017-01-01,2019-12-01,36.0,516.08709,14.3357525,14.07001,4.136851366740083,5.3329375
20361,2017-01-01,2019-12-01,36.0,482.98258000000004,13.41618277777778,12.37597,5.70153771209267,8.633407499999997
20362,2017-01-01,2019-12-01,36.0,455.77961000000005,12.660544722222223,11.40757,6.413207703428688,7.716439999999999
20364,2018-05-01,2019-12-01,20.0,566.76742,28.338371000000002,29.515520000000002,10.474095319601794,15.797207499999999
20365,2017-01-01,2019-12-01,36.0,508.05128999999994,14.112535833333332,14.02335,4.380033347688038,5.841119999999998
20366,2017-01-01,2019-12-01,36.0,579.48113,16.096698055555557,15.700955,4.59806111820364,6.845574999999998
20367,2017-01-01,2019-12-01,36.0,502.21385,13.950384722222221,13.721095,3.9982239267951294,3.640062500000001
20368,2018-04-01,2019-12-01,21.0,430.21601,20.486476666666665,20.70113,5.584684361027339,6.1469200000000015
20372,2017-01-01,2019-12-01,36.0,493.68910000000005,13.713586111111113,14.47448,5.2759330578051875,7.498977500000002
20375,2017-01-01,2019-12-01,36.0,577.6134599999999,16.044818333333332,16.71421,5.008728346310496,7.058705
20377,2017-07-01,2019-12-01,30.0,417.31972,13.910657333333335,13.852654999999999,5.052854676360021,5.995764999999999
20378,2018-04-01,2019-12-01,21.0,516.79905,24.60947857142857,22.59695,13.075922432113646,17.21888
20379,2017-01-01,2019-12-01,36.0,543.40326,15.094535,12.05459,6.356595872097625,9.772320000000002
20380,2017-01-01,2019-12-01,36.0,465.75710000000004,12.937697222222223,13.385114999999999,3.8843321785160088,5.860314999999998
20381,2017-01-01,2019-12-01,36.0,453.04832999999996,12.584675833333332,12.901575,3.286707395409902,5.1149275
20382,2017-01-01,2019-12-01,36.0,521.51281,14.486466944444443,13.093435,6.444240326829099,7.0557625
20383,2017-01-01,2019-12-01,36.0,494.4135,13.733708333333333,12.427925,6.784601587124647,7.1903974999999996
20384,2017-01-01,2019-12-01,36.0,522.981,14.52725,14.322424999999999,5.302914920247974,4.269467500000001
20385,2017-01-01,2019-12-01,36.0,490.77678999999995,13.63268861111111,11.95557,5.204089533425559,7.754620000000001
20386,2017-01-01,2019-12-01,36.0,458.73425000000003,12.742618055555557,13.158715,2.4408701905916605,3.2628774999999983
20387,2017-11-01,2019-12-01,26.0,449.7407,17.297719230769232,16.884500000000003,5.1642637433267655,6.410372499999998
20388,2017-01-01,2019-12-01,36.0,455.66975999999994,12.657493333333331,12.24132,4.709971204871639,6.57657
20389,2018-05-01,2019-12-01,20.0,529.77717,26.4888585,27.450090000000003,8.790874718087993,14.1949525
20390,2017-06-01,2019-12-01,31.0,475.44915,15.33706935483871,14.19138,6.108969415688669,6.528645000000001
20395,2018-03-01,2019-12-01,22.0,352.92729999999995,16.042149999999996,15.437425,5.882086555181555,7.6848874999999985
20396,2017-01-01,2019-12-01,36.0,444.94834,12.35967611111111,11.781089999999999,4.3489293262491815,4.155722500000001
20398,2017-01-01,2019-12-01,36.0,454.91540999999995,12.636539166666665,8.06925,11.02997066710939,19.3573
20400,2017-01-01,2019-12-01,36.0,472.60224999999997,13.127840277777777,12.88587,4.478090358943825,5.776475
20401,2017-01-01,2019-12-01,36.0,468.9521,13.026447222222222,12.33258,3.9453341187719895,4.73385
20402,2017-09-01,2019-12-01,28.0,427.90205,15.28221607142857,14.50064,6.991133085997466,5.545705000000002
20403,2017-11-01,2019-12-01,26.0,423.17854,16.276097692307694,14.908005,5.091823892529126,5.817614999999998
20404,2017-01-01,2019-12-01,36.0,431.95513000000005,11.998753611111113,11.95113,3.8792775382081888,5.7379774999999995
20406,2017-01-01,2019-12-01,36.0,467.87261,12.99646138888889,12.946255,4.066983511733167,6.096195000000002
20407,2017-01-01,2019-12-01,36.0,419.43215000000004,11.650893055555557,11.164645,3.9255854097910903,3.7257999999999996
20408,2018-10-01,2019-12-01,15.0,298.87274,19.924849333333334,17.93847,7.969859416776315,8.031599999999997
20409,2017-01-01,2019-12-01,36.0,480.97008,13.36028,11.19784,6.766765157934772,9.1458725
20410,2017-01-01,2019-12-01,36.0,429.55643000000003,11.932123055555557,11.014275,3.663791581922296,3.6838524999999986
20411,2017-01-01,2019-12-01,36.0,415.70425000000006,11.54734027777778,11.003035,4.15343422510886,5.699455
20414,2019-04-01,2019-12-01,9.0,280.78303999999997,31.198115555555553,30.40992,9.088220974255783,8.960160000000002
20415,2017-06-01,2019-12-01,31.0,432.5248,13.952412903225808,12.04032,8.030739938364414,9.821435000000001
20416,2017-01-01,2019-12-01,36.0,390.45529999999997,10.845980555555554,6.434225,9.301777941912256,15.207739999999998
20417,2017-07-01,2019-12-01,30.0,369.2988299999999,12.309960999999996,11.91791,5.380296593489318,4.9198
20418,2017-01-01,2019-12-01,36.0,405.24605,11.256834722222223,8.695135,9.923606725790057,14.908574999999999
20419,2017-01-01,2019-12-01,36.0,397.93716,11.05381,10.836034999999999,2.5303382687842912,2.625517500000001
20421,2017-01-01,2019-12-01,36.0,432.08185000000003,12.002273611111113,11.911269999999998,5.049497090558144,4.7279599999999995
20422,2017-01-01,2019-12-01,36.0,364.75062,10.131961666666667,6.02483,8.685847007196246,14.883587499999997
20424,2017-01-01,2019-12-01,36.0,394.86944,10.968595555555556,9.388840000000002,4.3513333356704385,4.815570000000001
20426,2017-01-01,2019-12-01,35.0,288.60692,8.245912,8.05316,4.380296308669755,5.650439999999999
20428,2017-01-01,2019-12-01,36.0,400.07813,11.113281388888888,8.376165,8.721718924638703,15.497499999999999
20429,2017-01-01,2019-12-01,36.0,372.725,10.353472222222223,6.49511,9.027745543696504,14.618760000000002
20432,2017-01-01,2019-12-01,36.0,386.8090000000001,10.744694444444447,9.857595,3.860725895597092,4.756084999999999
20433,2017-01-01,2019-12-01,36.0,379.5044,10.541788888888888,10.420995,3.0957091668822394,3.6421100000000006
20434,2017-01-01,2019-12-01,36.0,412.9693299999999,11.471370277777774,11.945969999999999,4.209233433393433,5.723305
20438,2017-01-01,2019-12-01,36.0,381.92109999999997,10.608919444444444,11.08218,3.2386195800335713,4.770634999999999
20440,2019-07-01,2019-12-01,6.0,181.61372,30.268953333333332,32.358195,20.498289835929892,28.7399675
20442,2019-03-01,2019-12-01,10.0,312.69902999999994,31.269902999999992,30.557125,9.498042680593665,12.436687500000005
20443,2017-01-01,2019-12-01,36.0,379.92298000000005,10.553416111111112,10.05957,3.374147041405345,5.106212499999999
20447,2017-06-01,2019-12-01,31.0,374.47963000000004,12.079988064516131,10.67764,4.611505883692383,4.824440000000001
20449,2017-01-01,2019-12-01,36.0,364.7523,10.132008333333333,5.2584800000000005,9.233891602105954,15.4083825
20450,2017-01-01,2019-12-01,36.0,373.33133000000004,10.370314722222224,10.512305,3.0123572315736733,5.176069999999999
20453,2017-08-01,2019-12-01,29.0,360.3335799999999,12.425295862068962,10.89581,5.099788177889295,6.162700000000001
20456,2017-01-01,2019-12-01,35.0,371.09319000000005,10.602662571428572,10.59272,3.603631936792741,5.414009999999999
20458,2019-04-01,2019-12-01,9.0,222.22775,24.69197222222222,23.988319999999998,6.275489518493314,2.8039500000000004
20459,2018-07-01,2019-12-01,18.0,355.73094,19.762829999999997,16.92851,7.288203136417258,4.7311725
20460,2018-11-01,2019-12-01,14.0,231.79327000000004,16.556662142857146,15.12748,7.315971029894042,8.8181925
20463,2017-01-01,2019-12-01,36.0,308.51669,8.569908055555555,9.21627,2.9967135916160075,3.56224
20464,2017-01-01,2019-12-01,36.0,361.98943,10.055261944444446,9.528505,4.516035308561715,4.323547500000001
20465,2017-01-01,2019-12-01,36.0,367.21349999999995,10.200375,10.06414,3.4059168485534115,4.289925000000001
20466,2017-01-01,2019-12-01,36.0,365.89024,10.163617777777779,8.93289,3.6897981808596145,4.2692725
20469,2017-01-01,2019-12-01,35.0,330.83122,9.45232057142857,8.44101,3.2121806437911804,3.916200000000001
20470,2017-01-01,2019-12-01,36.0,376.18456000000003,10.449571111111112,10.033205,3.5242809365541126,4.494925000000002
20473,2017-01-01,2019-12-01,36.0,303.71500999999995,8.436528055555554,8.3479,3.9928341389679014,6.172437500000001
20474,2017-01-01,2019-12-01,36.0,308.6015,8.57226388888889,8.66994,2.56279142805126,4.0971475
20476,2019-04-01,2019-12-01,9.0,223.69625999999997,24.855139999999995,23.262999999999998,9.252695716387196,11.640299999999996
20477,2018-10-01,2019-12-01,15.0,252.33904000000004,16.82260266666667,13.93559,9.219139335590672,11.555394999999997
20478,2017-06-01,2019-12-01,31.0,356.0112,11.484232258064516,8.45383,7.358121293711554,7.56546
20479,2018-01-01,2019-12-01,24.0,293.24501,12.218542083333332,12.189129999999999,3.9537437230157924,4.023887500000001
20480,2017-01-01,2019-12-01,36.0,330.61454999999995,9.1837375,8.834295000000001,3.026762911085396,5.291167499999999
20481,2018-04-01,2019-12-01,21.0,189.06570000000002,9.003128571428572,8.86722,1.7324814706463263,1.8749400000000005
20482,2017-01-01,2019-12-01,36.0,349.72457,9.71457138888889,9.46881,2.6174386114500265,3.9608575000000004
20483,2017-01-01,2019-12-01,36.0,316.47548000000006,8.790985555555558,8.542545,2.644441128545954,4.202625
20484,2017-01-01,2019-12-01,36.0,319.49096999999995,8.874749166666666,6.85844,5.172080206562029,6.414439999999999
20488,2018-04-01,2019-12-01,21.0,278.70883000000003,13.27184904761905,12.756639999999999,3.363668210034849,3.9469499999999993
20490,2017-01-01,2019-12-01,36.0,302.5945300000001,8.405403611111113,6.215305,7.204654996401445,11.782029999999999
20491,2019-03-01,2019-12-01,10.0,156.61783,15.661783,13.714224999999999,7.305285459492173,4.638087499999999
20495,2018-09-01,2019-12-01,16.0,271.69435,16.980896875,15.523305,4.296725287812753,4.5749749999999985
20496,2017-09-01,2019-12-01,28.0,306.82936000000007,10.95819142857143,9.69084,4.888217509259127,5.482395000000002
20497,2017-01-01,2019-12-01,36.0,317.62994999999995,8.823054166666665,7.7121949999999995,4.448953046505838,4.3258199999999984
20500,2017-01-01,2019-12-01,36.0,292.13163999999995,8.114767777777777,8.022450000000001,1.9660124962618568,2.2228949999999985
20502,2017-01-01,2019-12-01,36.0,309.33388999999994,8.592608055555553,7.935155,3.3313145715474968,3.3691275000000003
20503,2018-08-01,2019-12-01,17.0,245.29811000000004,14.429300588235296,16.73497,6.685092524121741,8.42206
20505,2017-01-01,2019-12-01,36.0,309.93573999999995,8.609326111111109,7.61887,3.4365160934230867,4.35043
20508,2017-06-01,2019-12-01,31.0,316.47718,10.20894129032258,8.15633,6.836601800499887,7.272130000000001
20509,2017-01-01,2019-12-01,36.0,296.0326,8.223127777777778,4.36522,7.265037469782485,11.5127075
20510,2019-04-01,2019-12-01,9.0,184.18971999999997,20.46552444444444,15.03756,13.008254998464542,8.197780000000002
20513,2018-03-01,2019-12-01,22.0,198.46825,9.021284090909091,8.69369,3.6979970304047662,4.166685000000001
20514,2017-02-01,2019-12-01,35.0,274.75737,7.850210571428571,7.57078,3.0956660386911157,3.3081999999999994
20517,2017-01-01,2019-12-01,36.0,238.62384,6.62844,6.425055,2.8672620701289233,2.6699399999999995
20520,2017-01-01,2019-12-01,36.0,302.64518000000004,8.406810555555557,8.517700000000001,3.4819381100349798,3.7170449999999997
20521,2019-04-01,2019-12-01,9.0,190.60605999999999,21.17845111111111,15.673749999999998,11.2354659890127,17.17738
20522,2018-07-01,2019-12-01,18.0,275.32546,15.29585888888889,12.996055,6.941876634018218,5.596045
20523,2018-09-01,2019-12-01,16.0,246.89524,15.4309525,14.902225,6.235505998589583,8.766517499999999
20524,2017-01-01,2019-12-01,36.0,270.53171,7.514769722222222,7.2569300000000005,2.1157695055686494,2.4284725000000007
20525,2019-04-01,2019-12-01,9.0,165.27092,18.363435555555554,18.3696,4.583655316608981,2.86149
20526,2019-04-01,2019-12-01,9.0,178.82442000000003,19.869380000000003,18.4512,8.370926287766784,9.56171
20527,2018-09-01,2019-12-01,16.0,233.08832999999998,14.568020624999999,13.615974999999999,5.307171204536329,5.2404399999999995
20530,2017-01-01,2019-12-01,36.0,298.73581,8.298216944444444,7.885595,3.8963909767980494,3.738567500000001
20531,2019-04-01,2019-12-01,9.0,160.3201,17.813344444444443,17.83201,5.0125593834664715,4.5464
20532,2017-01-01,2019-12-01,36.0,285.20535,7.922370833333334,7.111205,2.902549302981162,4.0813025
20536,2017-01-01,2019-12-01,36.0,263.13872999999995,7.309409166666665,6.99709,2.2124994575397237,3.10815
20537,2019-04-01,2019-12-01,9.0,155.27333,17.25259222222222,17.30455,5.214198405780552,3.92568
20538,2017-01-01,2019-12-01,36.0,229.12576000000004,6.364604444444446,6.576795000000001,1.946717176541713,2.4976649999999996
20539,2017-01-01,2019-12-01,36.0,264.94368000000003,7.359546666666668,6.221185,3.12932923613352,3.7768500000000005
20540,2018-09-01,2019-12-01,16.0,232.81959,14.551224375,13.832895,4.37218567553875,6.416479999999998
20541,2018-04-01,2019-12-01,21.0,233.07752000000002,11.098929523809526,10.24589,2.954896935849838,4.15724
20542,2017-09-01,2019-12-01,28.0,214.87564000000003,7.674130000000001,7.783275,2.977219815940642,2.0486500000000003
20544,2017-10-01,2019-12-01,27.0,228.90486,8.477957777777778,7.69252,3.359864101448534,4.729975
20547,2018-11-01,2019-12-01,14.0,201.65938000000003,14.40424142857143,13.298575,3.661894042211273,2.506517500000001
20548,2019-03-01,2019-12-01,10.0,202.47307,20.247307,20.79884,7.142837733467389,6.744619999999998
20549,2017-01-01,2019-12-01,36.0,233.95843,6.498845277777778,5.97297,3.5499716421575505,5.077259999999999
20551,2017-01-01,2019-12-01,36.0,249.99659,6.944349722222222,6.59399,2.6836757059317895,3.6208100000000005
20552,2017-10-01,2019-12-01,27.0,202.88431,7.514233703703703,6.0944199999999995,5.717561712938713,4.68794
20553,2018-09-01,2019-12-01,16.0,224.46467,14.029041875,13.200239999999999,4.054380704367756,5.9535675
20555,2017-01-01,2019-12-01,36.0,231.37731,6.4271475,6.407085,3.5866478643995903,5.645482499999998
20558,2018-11-01,2019-12-01,14.0,220.75872,15.76848,16.23076,5.682244749674199,6.988800000000001
20559,2018-09-01,2019-12-01,16.0,221.71723,13.857326875,13.82485,4.351272278231152,7.0769424999999995
20560,2017-01-01,2019-12-01,36.0,249.62154999999998,6.933931944444444,6.36594,2.6983425941522157,3.4144949999999996
20561,2017-01-01,2019-12-01,36.0,224.07255999999998,6.224237777777777,5.00154,5.581117252637356,8.880387500000001
20563,2017-01-01,2019-12-01,36.0,199.71420999999998,5.547616944444444,4.7831150000000004,2.8497736769102198,3.3258150000000004
20565,2017-01-01,2019-12-01,36.0,227.08414,6.307892777777777,5.32398,3.5785047769189946,3.9608149999999998
20567,2017-11-01,2019-12-01,26.0,232.45357999999996,8.940522307692307,8.780605000000001,3.7030593615596366,4.7367825
20568,2017-01-01,2019-12-01,36.0,180.81062999999995,5.022517499999998,5.131035,1.9084526468385323,2.4262875
20569,2018-09-01,2019-12-01,16.0,165.38482,10.33655125,9.914204999999999,3.949175073952998,4.5073375
20570,2017-01-01,2019-12-01,36.0,214.67180000000002,5.963105555555556,6.063095000000001,1.7047732373803426,2.3201624999999995
20571,2018-04-01,2019-12-01,21.0,204.01796000000002,9.715140952380953,9.76859,5.409287747571676,4.50594
20572,2017-01-01,2019-12-01,36.0,238.77082,6.632522777777777,5.712175,2.8543023690808647,3.0489425000000008
20574,2017-10-01,2019-12-01,27.0,163.80669999999998,6.066914814814814,4.405,6.009548855322073,4.43146
20575,2019-04-01,2019-12-01,9.0,142.34453999999997,15.816059999999997,14.45743,3.9957730002528926,5.00643
20576,2018-03-01,2019-12-01,22.0,138.24469,6.283849545454545,5.481565,3.295408359447859,4.351355000000002
20577,2019-04-01,2019-12-01,9.0,139.65765,15.517516666666666,16.62139,4.849603365031515,3.365350000000001
20578,2017-02-01,2019-12-01,35.0,214.06419,6.116119714285714,5.78296,2.7875011766407285,3.995985
20579,2017-01-01,2019-12-01,36.0,244.36431000000002,6.787897500000001,6.617705,2.3986263799211356,3.0326274999999985
20580,2018-11-01,2019-12-01,14.0,201.6105,14.40075,13.722345,3.8183968015385723,3.9141375000000025
20583,2017-01-01,2019-12-01,36.0,209.74017,5.826115833333334,5.614165,1.8223270432552128,2.4701750000000002
20585,2017-01-01,2019-12-01,36.0,189.68382,5.268995,4.902485,2.297471949374542,2.5330199999999996
20586,2017-01-01,2019-12-01,36.0,228.05164,6.3347677777777776,3.94074,5.643343289215869,9.2429475
20588,2017-03-01,2019-12-01,34.0,231.60313000000002,6.811856764705883,6.0184750000000005,4.551160535370451,4.8898875
20589,2017-10-01,2019-12-01,27.0,186.37649000000002,6.902832962962964,6.30433,2.4080170141534345,2.8742149999999995
20592,2019-06-01,2019-12-01,7.0,117.37688999999999,16.768127142857143,15.79766,5.718484769522179,7.620199999999999
20593,2019-04-01,2019-12-01,9.0,154.44430999999997,17.160478888888886,11.42526,12.408119393327143,11.056919999999998
20596,2017-01-01,2019-12-01,35.0,217.25458999999998,6.207273999999999,6.241779999999999,2.3511039866589334,3.0779700000000005
20597,2017-01-01,2019-12-01,36.0,198.83038999999997,5.523066388888888,3.1403299999999996,4.917882340240216,7.731130000000001
20599,2017-01-01,2019-12-01,36.0,209.17833000000002,5.810509166666667,5.654095,1.9527041473730364,2.8304925
20600,2017-01-01,2019-12-01,36.0,183.07324,5.085367777777778,5.1015,1.262067152014868,1.53639
20601,2017-01-01,2019-12-01,36.0,221.82021,6.1616725,3.641325,5.410772651408551,9.089102500000001
20602,2017-01-01,2019-12-01,36.0,211.90837000000002,5.886343611111112,5.170745,2.89009798393772,2.6506375
20603,2019-04-01,2019-12-01,9.0,126.68708000000001,14.076342222222223,13.55353,3.800704159763615,4.255649999999999
20604,2018-03-01,2019-12-01,22.0,135.10771000000003,6.141259545454546,5.385915000000001,2.8171525396526214,3.3776824999999997
20605,2017-01-01,2019-12-01,36.0,189.52822,5.264672777777778,4.79769,1.603113099599136,2.1342725
20606,2017-01-01,2019-12-01,36.0,213.09281,5.9192447222222215,5.8068349999999995,1.7015656492527884,2.4461075
20609,2017-01-01,2019-12-01,36.0,214.60446000000002,5.961235,6.2347850000000005,2.164849094121145,3.3441150000000004
20611,2018-09-01,2019-12-01,16.0,186.39686999999998,11.649804374999999,11.048305,2.8902550746533744,2.6381750000000004
20612,2017-01-01,2019-12-01,36.0,172.57246,4.793679444444445,4.2744800000000005,2.159135521974272,1.8619474999999999
20614,2017-01-01,2019-12-01,36.0,196.19161,5.449766944444445,5.291425,2.079897591599602,2.1502675
20615,2019-07-01,2019-12-01,6.0,80.87129999999999,13.478549999999998,13.25905,2.043652423295116,0.9144649999999999
20617,2017-01-01,2019-12-01,36.0,218.78602999999998,6.077389722222222,5.39386,2.7292205560410583,4.686842499999999
20620,2019-03-01,2019-12-01,10.0,150.88071,15.088071,11.517475,11.095892153932414,5.9029025
20621,2019-07-01,2019-12-01,6.0,75.35198,12.558663333333334,11.991595,5.38925581292136,8.639509999999998
20622,2017-01-01,2019-12-01,36.0,175.56709999999998,4.876863888888888,4.911665,1.2929117181270184,1.6176075
20623,2019-03-01,2019-12-01,10.0,132.10916,13.210916000000001,13.57641,2.9438440262282914,4.498845000000001
20624,2017-09-01,2019-12-01,28.0,195.59656999999999,6.985591785714285,5.409560000000001,4.312881066990812,2.3689874999999994
20627,2018-11-01,2019-12-01,14.0,119.75443,8.553887857142858,7.782295,3.2936968171556424,3.3275249999999996
20628,2017-01-01,2019-12-01,36.0,173.99169999999998,4.8331027777777775,4.46908,1.9541895511901177,1.6975500000000001
20629,2017-01-01,2019-12-01,36.0,187.93764,5.22049,4.004895,2.5603450912863845,3.7781975
20632,2017-01-01,2019-12-01,36.0,199.30219,5.536171944444444,4.7441949999999995,2.662084325039653,3.3913900000000003
20633,2019-04-01,2019-12-01,9.0,117.42867,13.04763,14.25791,3.9243638194616977,3.668090000000001
20636,2017-01-01,2019-12-01,36.0,195.21917000000002,5.422754722222223,3.573575,5.011188552457668,7.8476775
20637,2017-01-01,2019-12-01,36.0,178.14706,4.9485294444444445,4.801295,1.3187885717753989,1.2237125000000004
20638,2018-07-01,2019-12-01,18.0,115.54249999999999,6.419027777777777,6.398895,2.148592603862175,1.8852450000000003
20639,2017-01-01,2019-12-01,36.0,160.69435999999996,4.463732222222221,4.307925,1.3029166831450805,1.6869649999999998
20640,2017-01-01,2019-12-01,36.0,174.08673000000002,4.8357425,4.67084,2.266932258121251,2.0511324999999996
20641,2017-01-01,2019-12-01,35.0,179.11549,5.117585428571428,4.27415,2.253177871659783,3.2139000000000006
20642,2017-01-01,2019-12-01,36.0,185.95487999999997,5.1654133333333325,5.16394,1.7308166158765308,2.6666225
20644,2017-01-01,2019-12-01,36.0,164.91384,4.58094,4.12776,2.653811321431876,2.8726425000000004
20646,2017-10-01,2019-12-01,27.0,170.66806999999997,6.321039629629628,5.97515,2.5471639721107646,3.019825000000001
20647,2017-01-01,2019-12-01,36.0,159.2722,4.424227777777777,3.726415,2.669653136430286,3.8114774999999996
20649,2019-06-01,2019-12-01,7.0,152.34226,21.763180000000002,12.26537,17.3489308464566,19.88665
20651,2017-01-01,2019-12-01,36.0,158.95478,4.415410555555556,4.240405,2.1693891219273747,2.4801474999999997
20652,2017-01-01,2019-12-01,36.0,158.89333000000002,4.413703611111112,4.38389,1.4764205714868122,2.0360025000000004
20653,2017-01-01,2019-12-01,36.0,157.57073,4.3769647222222225,4.527604999999999,1.5255142672507638,2.1609749999999996
20654,2017-01-01,2019-12-01,36.0,179.55052,4.987514444444445,5.16984,1.465363916462771,2.1838024999999996
20655,2017-01-01,2019-12-01,36.0,166.57414999999997,4.627059722222222,4.2451550000000005,1.8282541667651702,2.5206799999999996
20657,2017-08-01,2019-12-01,29.0,130.20621,4.489869310344828,2.07996,6.193213737503294,6.28608
20658,2017-01-01,2019-12-01,36.0,136.85322999999997,3.80147861111111,3.987585,1.4106719185351817,2.037277499999999
20659,2019-03-01,2019-12-01,10.0,116.94495,11.694495,11.602364999999999,3.7542006046094554,6.3879325
20660,2017-01-01,2019-12-01,36.0,168.38464,4.677351111111111,4.50445,2.268598295369415,3.1526700000000005
20661,2017-01-01,2019-12-01,36.0,149.10797000000002,4.141888055555556,4.0313,1.515433687290906,1.8490299999999995
20662,2019-07-01,2019-12-01,6.0,65.36094,10.89349,10.791505,1.2603157065275352,1.16967
20663,2017-01-01,2019-12-01,36.0,152.68312,4.241197777777778,2.929185,3.8435402453081573,5.230017500000001
20664,2017-01-01,2019-12-01,36.0,159.74699000000004,4.43741638888889,4.45219,1.810933122277262,2.578639999999999
20666,2017-01-01,2019-12-01,34.0,171.18218000000002,5.034770000000001,4.2697199999999995,3.0776843374169838,4.4294175
20667,2017-06-01,2019-12-01,31.0,150.3576,4.850245161290323,3.97598,3.207743991685196,2.2520300000000004
20670,2017-01-01,2019-12-01,36.0,178.41707000000005,4.956029722222223,2.159545,5.23235498879014,8.6457175
20672,2017-01-01,2019-12-01,36.0,155.01679,4.306021944444444,4.35454,1.1688802421507503,1.3272974999999994
20673,2019-07-01,2019-12-01,6.0,68.31019,11.385031666666668,10.472560000000001,4.801423690491881,7.546840000000002
20674,2019-06-01,2019-12-01,7.0,96.17518,13.739311428571428,9.43799,7.792383130398189,8.575500000000002
20676,2017-01-01,2019-12-01,36.0,131.66244,3.65729,3.1736250000000004,2.3447903546884525,2.73546
20677,2017-01-01,2019-12-01,36.0,157.62062,4.3783505555555555,3.742505,2.4007882542673884,3.2281675000000005
20678,2017-01-01,2019-12-01,36.0,167.46071,4.651686388888889,3.521375,3.9605170512779933,5.91777
20679,2018-08-01,2019-12-01,17.0,111.21721,6.542188823529411,6.43771,1.8816441470921195,3.1479300000000006
20680,2017-01-01,2019-12-01,36.0,160.96203,4.4711675,4.306895,1.671586206537927,1.8595349999999997
20681,2019-04-01,2019-12-01,9.0,110.04221,12.226912222222222,10.67498,5.311852429456172,2.028929999999999
20682,2018-09-01,2019-12-01,16.0,140.57166,8.78572875,7.506315,3.6461678564174287,3.0763749999999987
20684,2017-01-01,2019-12-01,36.0,174.90721000000002,4.8585336111111115,5.023389999999999,1.970951516922224,2.6690075
20685,2017-01-01,2019-12-01,36.0,157.41907000000003,4.372751944444445,2.290405,3.9189663205783662,6.487165
20686,2019-09-01,2019-12-01,4.0,49.99361,12.4984025,12.434345,3.1972395907029445,5.320527499999999
20689,2018-11-01,2019-12-01,14.0,131.81168,9.41512,10.05368,3.6090893947365723,4.84484
20691,2019-06-01,2019-12-01,7.0,138.65089000000003,19.807270000000006,12.653220000000001,13.481545953141525,19.849940000000004
20693,2017-01-01,2019-12-01,36.0,130.99183,3.6386619444444444,3.5201000000000002,1.7836204352621337,2.1050324999999996
20694,2019-08-01,2019-12-01,5.0,43.889849999999996,8.77797,8.90416,3.6092205357043503,2.294810000000001
20696,2017-01-01,2019-12-01,36.0,128.80148,3.577818888888889,3.1675750000000003,1.6696586441182313,1.4950675000000002
20697,2017-01-01,2019-12-01,36.0,132.58504000000002,3.6829177777777784,3.3747949999999998,1.1768736191600697,1.63138
20699,2017-01-01,2019-12-01,36.0,122.85311,3.4125863888888888,2.9742699999999997,2.139449011407447,1.2825375
20700,2018-10-01,2019-12-01,15.0,61.45773,4.097182,3.44969,2.068316823921602,3.17546
20701,2017-01-01,2019-12-01,36.0,129.60217,3.6000602777777777,3.6745099999999997,0.9673708512383628,1.1803949999999994
20702,2017-01-01,2019-12-01,36.0,118.44724,3.290201111111111,3.113095,1.1704743461514782,1.6617525000000004
20703,2019-09-01,2019-12-01,4.0,48.66781999999999,12.166954999999998,12.299525,3.88541792007415,6.15986
20705,2017-01-01,2019-12-01,36.0,117.17438000000001,3.2548438888888893,3.27106,1.60991813580208,2.244895
20706,2017-01-01,2019-12-01,36.0,133.25504,3.7015288888888893,3.63874,1.4195104794194324,1.6175000000000002
20708,2017-01-01,2019-12-01,36.0,122.50886,3.403023888888889,3.06518,1.3657674742424972,1.793857500000001
20709,2018-10-01,2019-12-01,15.0,102.90989000000002,6.860659333333334,6.69175,1.6509039207418925,2.395245000000001
20711,2019-07-01,2019-12-01,6.0,67.51787999999999,11.252979999999999,10.53553,4.916626084635683,7.666785
20713,2017-01-01,2019-12-01,36.0,138.23767999999998,3.839935555555555,3.643055,1.4521497078655383,1.3275375
20714,2017-01-01,2019-12-01,36.0,119.52080000000002,3.3200222222222227,3.374175,1.3469275037742352,1.6780849999999998
20715,2017-01-01,2019-12-01,36.0,128.16024,3.5600066666666663,3.492495,1.3707791530908877,1.6822900000000005
20719,2019-04-01,2019-12-01,9.0,74.88266999999999,8.320296666666666,7.74604,1.536660584961754,1.5454300000000005
20720,2019-07-01,2019-12-01,6.0,58.47376,9.745626666666666,9.333515,3.580056612986262,5.3079275
20721,2017-01-01,2019-12-01,36.0,120.06642000000001,3.3351783333333334,3.18487,1.8482612633708317,2.40367
20724,2017-03-01,2019-12-01,34.0,128.34362,3.774812352941176,2.999505,3.6250920973923013,2.7765299999999993
20729,2017-01-01,2019-12-01,36.0,131.45648,3.651568888888889,2.070305,3.76154226812869,5.7535425
20730,2017-01-01,2019-12-01,36.0,122.19941999999999,3.394428333333333,3.20768,1.3880549301347656,2.4700725000000006
20732,2019-06-01,2019-12-01,7.0,70.77129000000001,10.110184285714286,9.12834,4.270888077991341,6.249154999999999
20733,2017-01-01,2019-12-01,36.0,125.27366999999998,3.479824166666666,2.9818000000000002,2.207057456045913,2.04786
20735,2017-01-01,2019-12-01,36.0,115.95758000000001,3.221043888888889,2.841075,1.7412733242679912,2.0470699999999997
20737,2017-01-01,2019-12-01,36.0,108.58182000000001,3.016161666666667,2.89618,1.5136630647434623,1.6715975000000003
20739,2017-01-01,2019-12-01,36.0,112.8369,3.134358333333333,3.2595549999999998,0.8266052492989452,0.9483199999999998
20741,2017-08-01,2019-12-01,29.0,83.22364,2.8697806896551725,1.22722,4.5600375653237535,3.8575100000000004
20742,2017-01-01,2019-12-01,36.0,105.13656999999998,2.920460277777777,2.4413400000000003,2.468293756002874,1.0238749999999999
20743,2017-05-01,2019-12-01,32.0,121.74667,3.8045834375,2.998895,1.8801642034906958,3.0204725
20744,2017-01-01,2019-12-01,36.0,108.25860999999999,3.007183611111111,2.795705,0.9133687762098935,1.3089849999999998
20745,2017-01-01,2019-12-01,36.0,121.51433,3.3753980555555554,3.0276050000000003,1.2772178031840915,1.4731675000000002
20746,2019-04-01,2019-12-01,9.0,65.84763000000001,7.3164033333333345,6.95779,2.4026383754219025,2.933089999999999
20749,2017-01-01,2019-12-01,36.0,99.46550000000002,2.762930555555556,2.73101,0.9425373355271077,0.9668124999999996
20750,2017-07-01,2019-12-01,30.0,97.43761999999998,3.247920666666666,3.2539550000000004,1.1859140082128226,1.2381775
20751,2017-01-01,2019-12-01,36.0,98.51134,2.7364261111111112,2.140605,2.3837301608628656,0.9884199999999999
20754,2019-05-01,2019-12-01,8.0,69.917,8.739625,8.85126,1.1832485936969095,1.009575
20756,2017-01-01,2019-12-01,36.0,102.43679,2.845466388888889,2.820645,0.8198145879828221,1.04672
20757,2019-03-01,2019-12-01,10.0,56.838229999999996,5.683822999999999,4.57436,4.268670985598445,2.1156049999999995
20758,2017-10-01,2019-12-01,27.0,59.02155,2.185983333333333,2.03211,0.7943314317229786,1.040705
20759,2017-01-01,2019-12-01,36.0,104.72515,2.9090319444444446,2.7058400000000002,1.091753615490286,1.613775
20761,2017-01-01,2019-12-01,36.0,97.07798,2.6966105555555555,2.797185,0.947578609599811,1.0895574999999997
20762,2019-08-01,2019-12-01,5.0,34.104,6.8208,6.98866,2.505945319964105,0.3970500000000001
20765,2017-01-01,2019-12-01,36.0,115.50514999999999,3.2084763888888883,1.7799399999999999,2.803195563086786,4.1037
20768,2017-01-01,2019-12-01,36.0,105.82434,2.939565,2.709635,1.3013927435317685,1.1656674999999996
20771,2017-05-01,2019-12-01,32.0,102.92138,3.216293125,2.567925,1.791004242001492,2.913365
20772,2019-06-01,2019-12-01,7.0,65.41134,9.344477142857142,8.46498,4.7314163128381,5.25851
20773,2017-01-01,2019-12-01,36.0,110.18885999999999,3.0608016666666664,1.787585,2.8833601177985777,3.9794525
20774,2019-06-01,2019-12-01,7.0,53.877129999999994,7.696732857142856,5.94412,3.422539714387131,3.228605
20775,2017-09-01,2019-12-01,28.0,97.7992,3.4928285714285714,2.72819,2.4544615122484594,1.705165
20777,2017-08-01,2019-12-01,29.0,89.19123,3.075559655172414,3.11958,0.744627903723362,1.0922200000000002
20781,2017-01-01,2019-12-01,36.0,102.2074,2.8390944444444446,2.749425,1.3163041183045037,1.5976774999999999
20783,2018-08-01,2019-12-01,17.0,60.177279999999996,3.53984,3.42122,0.8810839398363246,1.3916000000000004
20785,2019-04-01,2019-12-01,9.0,69.75323999999999,7.750359999999999,6.61986,5.395281214098112,1.9628800000000002
20786,2017-01-01,2019-12-01,35.0,82.31502,2.3518577142857144,2.27409,1.5665776665057567,2.35008
20788,2017-01-01,2019-12-01,36.0,94.87163,2.6353230555555553,2.22348,1.8840416472054653,3.0027399999999997
20789,2017-01-01,2019-12-01,36.0,89.54939000000003,2.4874830555555563,2.202425,0.9911141785797564,1.139405
20793,2017-01-01,2019-12-01,35.0,73.94895,2.112827142857143,2.09608,0.7242973886162386,0.98698
20795,2019-04-01,2019-12-01,9.0,56.75749,6.306387777777777,6.26816,2.1576843418800733,2.82482
20800,2017-01-01,2019-12-01,36.0,95.50926,2.653035,2.14069,1.650365453369993,2.5535550000000002
20801,2017-01-01,2019-12-01,36.0,80.60984,2.2391622222222223,2.048565,0.6915453440524597,0.6361349999999999
20802,2017-01-01,2019-12-01,36.0,88.2326,2.450905555555556,2.53148,1.3424383629531205,1.9876375
20803,2017-01-01,2019-12-01,36.0,83.76334999999999,2.326759722222222,2.311535,1.1360112151847952,1.9066675000000002
20807,2017-01-01,2019-12-01,36.0,75.18447,2.0884575,2.015645,0.7493697210489627,0.76346
20809,2017-10-01,2019-12-01,27.0,77.02638,2.852828888888889,2.54861,1.3052427279432426,1.2108049999999997
20810,2017-01-01,2019-12-01,36.0,81.02191,2.250608611111111,2.2140750000000002,0.8378076990852896,0.9001475000000001
20811,2018-04-01,2019-12-01,21.0,75.80691000000002,3.609852857142858,3.62556,0.9519014497317613,1.14296
20812,2017-01-01,2019-12-01,36.0,88.98966999999998,2.471935277777777,2.376185,1.0067488264436344,1.5315525000000003
20815,2019-08-01,2019-12-01,5.0,37.32111,7.4642219999999995,7.11779,1.16401202879094,2.1859199999999994
20817,2018-11-01,2019-12-01,14.0,92.57247999999998,6.612319999999999,6.4792,2.9988521900220424,3.1686200000000007
20818,2017-09-01,2019-12-01,28.0,84.47327000000001,3.0169025000000005,2.36753,2.198770684306936,1.7985925
20820,2017-01-01,2019-12-01,36.0,74.91412,2.080947777777778,2.0171099999999997,0.8048510579838842,0.7486250000000001
20822,2019-04-01,2019-12-01,9.0,54.29883,6.033203333333334,5.93376,2.5928975695300807,1.66573
20823,2017-01-01,2019-12-01,36.0,78.18495000000001,2.171804166666667,1.820385,1.254292442963932,0.8300975000000002
20824,2017-01-01,2019-12-01,33.0,91.45369,2.7713239393939393,2.52516,1.8878845697531723,3.01196
20826,2017-01-01,2019-12-01,36.0,75.13625,2.0871180555555555,1.883075,0.972080497941898,1.3303225000000003
20827,2019-06-01,2019-12-01,7.0,48.54352,6.934788571428571,4.22809,5.133342188722108,4.838399999999999
20828,2017-01-01,2019-12-01,36.0,87.8016,2.438933333333333,2.194295,1.5889095436934098,1.1509325000000001
20830,2017-01-01,2019-12-01,36.0,75.49857999999999,2.0971827777777774,1.9535550000000002,1.0656693400745467,1.2552750000000001
20831,2017-01-01,2019-12-01,36.0,63.200199999999995,1.755561111111111,1.5325199999999999,0.6587672901229029,0.96296
20832,2017-07-01,2019-12-01,30.0,89.76431000000001,2.9921436666666668,2.83969,1.0415495285804184,1.47626
20835,2018-11-01,2019-12-01,14.0,85.11047999999998,6.079319999999998,6.53744,2.751248031566765,2.398760000000001
20838,2017-01-01,2019-12-01,36.0,80.38110999999999,2.232808611111111,2.12776,0.8674939386932017,0.9135550000000001
20840,2017-01-01,2019-12-01,36.0,79.40563999999999,2.205712222222222,2.35487,0.6187108080706948,0.9705124999999999
20843,2017-01-01,2019-12-01,36.0,75.00264000000001,2.083406666666667,2.0271749999999997,1.114134503672822,1.4224075000000003
20845,2019-07-01,2019-12-01,6.0,38.60067000000001,6.433445000000002,2.7821100000000003,7.006166313800295,10.44441
20846,2017-01-01,2019-12-01,36.0,79.24449000000001,2.2012358333333335,2.20506,0.9187359113116083,1.4283425
20847,2017-01-01,2019-12-01,36.0,77.74265999999997,2.1595183333333328,2.134305,0.7306090482819306,0.920275
20849,2017-01-01,2019-12-01,36.0,79.27005000000001,2.2019458333333337,2.2157549999999997,0.8785583523489734,1.0556475
20852,2017-01-01,2019-12-01,36.0,75.0925,2.0859027777777777,2.05764,1.128547957045718,1.3139474999999998
20853,2018-08-01,2019-12-01,17.0,53.45822,3.144601176470588,3.26633,0.8656395927497942,1.11924
20855,2017-07-01,2019-12-01,30.0,68.54726000000001,2.284908666666667,2.2442349999999998,0.8828826697372073,0.81944
20859,2019-04-01,2019-12-01,9.0,26.012729999999998,2.8903033333333332,3.0626800000000003,1.2709487611721408,2.25345
20862,2017-01-01,2019-12-01,36.0,67.83658,1.8843494444444444,1.8454899999999999,0.8029053612864593,0.6142800000000002
20863,2017-01-01,2019-12-01,36.0,66.45253,1.845903611111111,1.798375,0.6100696872004648,0.7506050000000002
20864,2017-01-01,2019-12-01,36.0,62.545579999999994,1.7373772222222221,1.67045,0.6464524454882801,0.7093400000000001
20865,2017-01-01,2019-12-01,36.0,65.02556999999999,1.806265833333333,1.720985,0.8258316299563904,0.8255525000000001
20870,2017-01-01,2019-12-01,36.0,63.23217,1.7564491666666668,1.5104899999999999,0.9794623958547727,0.7127074999999998
20877,2017-07-01,2019-12-01,30.0,62.7157,2.090523333333333,2.0836949999999996,0.8646408903455071,1.2614525000000003
20878,2017-02-01,2019-12-01,35.0,58.74455,1.6784157142857141,1.6653499999999999,0.6881353387802077,0.8211250000000003
20879,2017-01-01,2019-12-01,35.0,60.66077000000001,1.7331648571428573,1.59097,0.6910043094416205,0.6650750000000003
20882,2017-01-01,2019-12-01,36.0,55.56364000000001,1.5434344444444446,1.4719449999999998,0.5963795936503358,0.5744099999999999
20883,2017-01-01,2019-12-01,36.0,61.53572,1.7093255555555555,1.303245,1.4169970735677904,0.7253249999999998
20885,2017-01-01,2019-12-01,35.0,55.77993,1.5937122857142858,1.62485,0.6969526494764683,0.7971600000000003
20886,2019-07-01,2019-12-01,6.0,21.135099999999998,3.5225166666666663,1.149045,4.857381619579284,2.98097
20892,2017-01-01,2019-12-01,36.0,56.453269999999996,1.5681463888888887,1.512265,0.5823884024608259,0.8607125000000002
20894,2017-01-01,2019-12-01,36.0,58.351739999999985,1.6208816666666663,1.63826,0.6711955305167894,1.0036825
20899,2019-08-01,2019-12-01,5.0,15.11241,3.022482,2.97467,1.1294963003569332,1.7674399999999997
20901,2017-01-01,2019-12-01,36.0,59.13914,1.6427538888888888,1.353395,0.9585813232459065,1.0067475000000001
20902,2018-09-01,2019-12-01,16.0,43.16298,2.69768625,2.54684,0.8370065972808497,0.9976775
20904,2019-07-01,2019-12-01,6.0,31.752519999999997,5.292086666666666,4.280139999999999,2.087793808245121,2.9103149999999998
20906,2017-01-01,2019-12-01,36.0,54.568639999999995,1.5157955555555553,1.1440700000000001,1.2103194486449658,0.7120124999999997
20907,2019-04-01,2019-12-01,9.0,41.889120000000005,4.654346666666667,5.48184,2.402075962995342,2.8664999999999994
20908,2018-09-01,2019-12-01,16.0,38.40865,2.400540625,2.4187950000000003,0.41739173835409105,0.3686725000000002
20910,2019-07-01,2019-12-01,6.0,29.15781,4.859635,4.992875,1.6528763123567356,1.32679
20912,2019-07-01,2019-12-01,6.0,28.05432,4.67572,3.9336849999999997,1.5918954304099249,1.8987274999999997
20913,2017-01-01,2019-12-01,36.0,45.18878,1.2552438888888888,1.1993,0.4040429095973261,0.5409449999999999
20914,2017-07-01,2019-12-01,30.0,53.184430000000006,1.7728143333333335,1.2879049999999999,1.130895111773103,1.1180675
20917,2018-10-01,2019-12-01,15.0,39.55362,2.636908,2.2592,1.105331795959928,0.946075
20919,2017-01-01,2019-12-01,36.0,47.96442000000001,1.3323450000000003,1.417305,0.5947161292991568,0.7553224999999999
20920,2019-04-01,2019-12-01,9.0,32.96247,3.662496666666667,3.72285,0.8701370836827953,0.87066
20922,2017-01-01,2019-12-01,36.0,48.44068,1.3455744444444444,1.00363,1.1068616725742961,1.22531
20924,2019-05-01,2019-12-01,8.0,24.80684,3.100855,2.956835,1.453817940154229,1.7152949999999998
20925,2017-01-01,2019-12-01,36.0,52.46235,1.4572875,1.28867,0.8809444481573657,1.0060999999999998
20927,2019-06-01,2019-12-01,7.0,26.14371,3.734815714285714,4.38401,1.3699906287739971,1.6116350000000006
20928,2019-05-01,2019-12-01,8.0,36.701480000000004,4.5876850000000005,4.4584399999999995,2.9927622934864515,3.3323224999999996
20931,2017-01-01,2019-12-01,36.0,44.24727,1.2290908333333332,1.1269,0.6419973598004234,0.8381175
20932,2019-05-01,2019-12-01,8.0,20.78436,2.598045,2.459465,1.003434406938775,1.38909
20933,2019-07-01,2019-12-01,6.0,21.44476,3.5741266666666665,3.448595,0.7636541560331264,0.9044849999999993
20936,2017-01-01,2019-12-01,34.0,47.223819999999996,1.388935882352941,1.119235,1.2247750844187002,0.9734025
20937,2017-01-01,2019-12-01,36.0,41.911449999999995,1.1642069444444443,1.086485,0.3699857357622584,0.5034250000000001
20941,2017-01-01,2019-12-01,36.0,41.638679999999994,1.1566299999999998,1.066405,0.43601902272394366,0.6830225
20942,2019-08-01,2019-12-01,5.0,11.73647,2.347294,1.72156,1.1667248274250446,1.62169
20945,2017-05-01,2019-12-01,32.0,44.99235,1.4060109375,1.09451,1.0255048360696883,0.6837000000000002
20946,2019-05-01,2019-12-01,8.0,25.36917,3.17114625,3.1662,1.206004034534089,1.418835
20947,2017-01-01,2019-12-01,36.0,43.401590000000006,1.2055997222222223,1.159125,0.46752656977200535,0.50062
20948,2017-01-01,2019-12-01,36.0,44.660689999999995,1.240574722222222,1.2288199999999998,0.48766936327502003,0.6392399999999998
20949,2017-01-01,2019-12-01,36.0,40.19306,1.116473888888889,1.11008,0.3362795315913557,0.45296499999999984
20951,2017-05-01,2019-12-01,32.0,41.75767999999999,1.3049274999999998,0.970795,1.0660887535073422,0.7786525000000001
20953,2019-07-01,2019-12-01,6.0,23.987930000000002,3.9979883333333337,1.85362,5.092384997984409,3.3392350000000004
20956,2017-01-01,2019-12-01,36.0,41.265049999999995,1.1462513888888888,0.78285,1.1886147165170355,0.5933674999999998
20957,2017-01-01,2019-12-01,36.0,38.53080999999999,1.0703002777777775,0.98055,0.37151011369802656,0.3663575000000001
20961,2017-01-01,2019-12-01,36.0,38.96820999999999,1.0824502777777776,1.004135,0.30042196379175085,0.33291500000000007
20962,2019-09-01,2019-12-01,4.0,15.66273,3.9156825,3.70194,1.8444496468300964,2.0663475000000004
20965,2017-01-01,2019-12-01,36.0,41.277849999999994,1.1466069444444442,1.0389650000000001,0.5900284014947051,0.5098825
20966,2019-04-01,2019-12-01,9.0,12.66518,1.407242222222222,1.2811,0.41444048154643925,0.5341199999999999
20967,2018-09-01,2019-12-01,16.0,27.82151,1.738844375,1.7047750000000002,0.4925589298343736,0.6353874999999998
20968,2019-08-01,2019-12-01,5.0,14.841479999999999,2.9682959999999996,3.0877999999999997,0.765744314853202,1.02019
20970,2017-01-01,2019-12-01,36.0,38.842580000000005,1.0789605555555557,0.99203,0.46590186353501184,0.587755
20975,2019-09-01,2019-12-01,4.0,14.33596,3.58399,3.379245,1.8204894498092172,2.0933749999999995
20976,2017-01-01,2019-12-01,36.0,32.69781999999999,0.9082727777777776,0.8735499999999999,0.3356461766257618,0.36635000000000006
20982,2017-01-01,2019-12-01,36.0,35.857730000000004,0.9960480555555556,0.920215,0.5793615871324941,0.7926200000000001
20985,2017-01-01,2019-12-01,36.0,35.11139,0.9753163888888889,0.76074,0.8748368608706516,0.4975474999999999
20986,2017-01-01,2019-12-01,36.0,31.82407,0.8840019444444445,0.910005,0.3961884864182664,0.392865
20987,2019-04-01,2019-12-01,9.0,24.01854,2.6687266666666667,1.67622,2.639178385350259,3.9093599999999995
20990,2018-10-01,2019-12-01,15.0,18.297310000000003,1.2198206666666669,1.19327,0.39388873843232625,0.5476450000000002
20991,2017-01-01,2019-12-01,36.0,35.675430000000006,0.9909841666666668,0.600985,0.8936252308190658,1.0422825
20994,2017-01-01,2019-12-01,36.0,29.751529999999995,0.8264313888888888,0.73811,0.47853931907212793,0.549935
20995,2019-09-01,2019-12-01,4.0,13.46129,3.3653225,3.230195,1.6642524936113712,1.8288525
20996,2017-07-01,2019-12-01,30.0,29.03813,0.9679376666666666,0.90906,0.3343402967624384,0.38270250000000006
20997,2018-09-01,2019-12-01,16.0,26.790060000000004,1.6743787500000002,1.6396700000000002,0.918738287703123,0.696685
21001,2018-10-01,2019-12-01,15.0,13.37724,0.891816,0.82917,0.2759593530317722,0.39144
21003,2017-07-01,2019-12-01,30.0,28.633899999999993,0.9544633333333331,0.91647,0.3591947202623777,0.41095000000000004
21006,2019-07-01,2019-12-01,6.0,14.375100000000002,2.3958500000000003,2.680655,1.1329389479226144,1.8920425
21007,2019-06-01,2019-12-01,7.0,14.9126,2.1303714285714284,2.35303,1.0401252957284934,0.7369650000000001
21008,2017-01-01,2019-12-01,36.0,27.73743,0.7704841666666666,0.7368300000000001,0.25993259965256926,0.30098
21014,2017-01-01,2019-12-01,36.0,31.077060000000003,0.8632516666666668,0.85807,0.27736773208658777,0.3601675000000001
21016,2017-01-01,2019-12-01,36.0,29.89879,0.8305219444444445,0.81184,0.3370369847854297,0.3955774999999999
21022,2018-10-01,2019-12-01,15.0,18.77574,1.2517159999999998,1.2587300000000001,0.6065684014401955,0.6355600000000001
21024,2017-01-01,2019-12-01,36.0,30.012429999999995,0.833678611111111,0.75071,0.31969059904094577,0.42347749999999995
21027,2017-07-01,2019-12-01,30.0,24.86831,0.8289436666666667,0.60272,0.5472118857380461,0.9932974999999999
21028,2017-01-01,2019-12-01,36.0,23.90331,0.6639808333333334,0.637135,0.31463491383211567,0.35653499999999994
21032,2017-01-01,2019-12-01,36.0,26.259179999999997,0.7294216666666666,0.68702,0.2652114510509896,0.35860500000000006
21033,2019-03-01,2019-12-01,10.0,16.42999,1.642999,1.2874349999999999,0.6536466219508655,0.7029799999999999
21034,2018-05-01,2019-12-01,20.0,25.06879,1.2534395,0.957925,0.9038466360970467,0.6580899999999998
21035,2019-07-01,2019-12-01,6.0,11.3895,1.89825,1.88937,0.4745774660474305,0.30125749999999973
21037,2018-10-01,2019-12-01,15.0,12.780459999999998,0.8520306666666665,0.77735,0.29653225559231605,0.34246
21038,2017-01-01,2019-12-01,36.0,25.81481,0.7170780555555556,0.646405,0.38821712271665304,0.5435275000000002
21039,2019-07-01,2019-12-01,6.0,11.891720000000001,1.9819533333333335,1.7897500000000002,0.6394211526581419,0.3440025000000002
21040,2018-05-01,2019-12-01,20.0,23.65991,1.1829955,0.748115,1.0284992229072367,0.7397475
21042,2019-05-01,2019-12-01,8.0,14.25424,1.78178,1.49695,1.1378582235937833,0.5278
21044,2019-05-01,2019-12-01,8.0,14.869399999999999,1.8586749999999999,1.51697,1.0974677611665866,0.5045949999999999
21048,2017-01-01,2019-12-01,36.0,22.46684,0.624078888888889,0.569485,0.31158852624004696,0.40434249999999994
21049,2017-01-01,2019-12-01,35.0,23.14512,0.6612891428571428,0.52885,0.44889287503270314,0.45209999999999995
21055,2017-01-01,2019-12-01,36.0,19.31946,0.5366516666666666,0.53177,0.24147570136854057,0.3376875
21056,2018-10-01,2019-12-01,15.0,16.71609,1.114406,1.1978600000000001,0.49103879200556627,0.5062199999999999
21057,2017-01-01,2019-12-01,36.0,20.77389,0.5770525000000001,0.505,0.25315741218656823,0.338535
21058,2019-08-01,2019-12-01,5.0,8.218900000000001,1.6437800000000002,1.6729399999999999,0.4807322443418998,0.25178999999999996
21064,2019-05-01,2019-12-01,8.0,17.26027,2.15753375,1.34968,2.5590214286432533,1.859755
21065,2018-02-01,2019-12-01,23.0,20.257199999999997,0.8807478260869565,0.5966199999999999,0.647031107225755,0.42713499999999993
21073,2019-03-01,2019-12-01,10.0,13.292559999999998,1.3292559999999998,1.267735,0.4799811650749085,0.7095125
21074,2019-05-01,2019-12-01,8.0,11.40297,1.42537125,1.3009,1.130284006540423,1.6471574999999996
21077,2017-01-01,2019-12-01,36.0,14.38017,0.39944916666666663,0.364095,0.2272886953555512,0.36567749999999993
21079,2019-07-01,2019-12-01,6.0,11.39842,1.8997366666666666,1.954805,0.8513420947108551,0.9013849999999997
21080,2017-01-01,2019-12-01,36.0,19.15218,0.5320050000000001,0.511545,0.20456678382097407,0.30111500000000013
21084,2018-08-01,2019-12-01,17.0,12.72591,0.7485829411764706,0.79059,0.3535438045837585,0.37836000000000003
21086,2019-04-01,2019-12-01,9.0,13.4647,1.4960777777777778,1.45855,0.7430046323674196,0.61832
21087,2019-09-01,2019-12-01,4.0,3.62969,0.9074225,0.9650350000000001,0.45622592074358653,0.3604425000000001
21088,2017-01-01,2019-12-01,36.0,18.46124,0.5128122222222222,0.49721499999999996,0.2228295861365312,0.23749499999999996
21092,2019-04-01,2019-12-01,9.0,9.362760000000002,1.040306666666667,1.02456,0.33431277981854063,0.20896000000000015
21093,2018-11-01,2019-12-01,14.0,15.50734,1.1076671428571427,0.818325,1.2404905062510159,0.7169224999999999
21097,2019-08-01,2019-12-01,5.0,6.8935699999999995,1.378714,1.41864,0.3210643837768369,0.22024
21099,2019-05-01,2019-12-01,8.0,12.12346,1.5154325,0.69054,1.7977661391591353,1.9648675
21105,2018-11-01,2019-12-01,14.0,13.26178,0.94727,0.855915,0.35995688406337695,0.5058925000000001
21109,2019-07-01,2019-12-01,6.0,7.339429999999999,1.2232383333333332,1.13951,0.3995134699314488,0.359395
21110,2019-08-01,2019-12-01,5.0,6.95726,1.391452,1.52502,0.34273709832756655,0.17524000000000006
21111,2019-06-01,2019-12-01,7.0,8.819790000000001,1.2599700000000003,1.39722,0.4709904193646972,0.23245000000000005
21112,2019-07-01,2019-12-01,6.0,6.480339999999999,1.0800566666666664,1.15816,0.31981208023879687,0.34734750000000014
21114,2019-06-01,2019-12-01,7.0,8.96158,1.2802257142857143,1.4307699999999999,0.565034293822276,0.45347000000000004
21118,2017-11-01,2019-12-01,26.0,11.710609999999999,0.4504080769230769,0.41747500000000004,0.1507287611577626,0.17394500000000002
21119,2019-06-01,2019-12-01,7.0,8.10022,1.1571742857142857,1.14641,0.4851172444834734,0.41769999999999996
21126,2018-05-01,2019-12-01,20.0,9.093069999999999,0.45465349999999993,0.45245,0.15064486192349,0.09666500000000006
21129,2019-08-01,2019-12-01,5.0,4.63903,0.927806,0.7841,0.3149056126524264,0.41713
21131,2017-01-01,2019-12-01,36.0,10.870389999999999,0.30195527777777775,0.317665,0.10688338704230382,0.15287250000000002
21135,2019-05-01,2019-12-01,8.0,5.49751,0.68718875,0.61351,0.38238675845414866,0.6305675
21140,2019-06-01,2019-12-01,7.0,5.8150699999999995,0.8307242857142857,0.7944399999999999,0.33448681009655884,0.4586649999999999
21142,2018-09-01,2019-12-01,16.0,7.5215,0.47009375,0.31338999999999995,0.44559514889452434,0.1938574999999999
21144,2019-08-01,2019-12-01,5.0,5.897100000000001,1.1794200000000001,0.98088,0.802697360061686,0.44233
21146,2019-08-01,2019-12-01,5.0,5.98169,1.1963380000000001,1.2502199999999999,0.5569168889250892,0.2594500000000002
21153,2019-02-01,2019-12-01,11.0,6.485200000000001,0.5895636363636364,0.50997,0.23989062650602783,0.3521550000000001
21154,2019-08-01,2019-12-01,5.0,5.98161,1.1963219999999999,1.0260500000000001,0.8821887280905373,0.24183
21155,2017-11-01,2019-12-01,26.0,9.16409,0.352465,0.31620499999999996,0.12801537420950657,0.15239749999999996
21157,2018-03-01,2019-12-01,22.0,8.2536,0.37516363636363637,0.26268,0.2681985853544854,0.19100999999999996
21159,2019-02-01,2019-12-01,11.0,5.64863,0.5135118181818181,0.42588,0.22378177293149598,0.30791500000000005
21163,2019-05-01,2019-12-01,8.0,5.50257,0.68782125,0.74885,0.4003088760101379,0.64957
21164,2018-05-01,2019-12-01,20.0,8.61671,0.4308355,0.37023,0.21485359633394918,0.2597975
21167,2017-10-01,2019-12-01,27.0,6.758879999999999,0.2503288888888888,0.24964,0.1314363268873603,0.118755
21168,2019-02-01,2019-12-01,11.0,5.374580000000001,0.4885981818181819,0.41275999999999996,0.2282700782765092,0.37397
21170,2017-01-01,2019-12-01,35.0,8.34791,0.2385117142857143,0.2177,0.16042637339081045,0.140845
21171,2019-05-01,2019-12-01,8.0,4.436030000000001,0.5545037500000001,0.442015,0.33576536743631386,0.2523875
21176,2018-05-01,2019-12-01,20.0,7.418769999999999,0.37093849999999995,0.3356,0.15603002731508883,0.16874
21179,2019-04-01,2019-12-01,9.0,4.75998,0.5288866666666666,0.49787000000000003,0.3319639742878736,0.44685
21180,2017-10-01,2019-12-01,27.0,6.4338,0.23828888888888888,0.15800999999999998,0.27167846315272337,0.21657999999999997
21182,2017-01-01,2019-12-01,36.0,8.122989999999998,0.22563861111111105,0.1048,0.29366817776096277,0.19498500000000002
21184,2017-11-01,2019-12-01,26.0,7.283189999999999,0.28012269230769227,0.27344,0.10809173143428473,0.09351000000000004
21190,2017-01-01,2019-12-01,35.0,6.23612,0.17817485714285713,0.158,0.09505199664862783,0.086365
21191,2018-09-01,2019-12-01,16.0,3.6105099999999997,0.22565687499999998,0.147845,0.2675247067897032,0.06059500000000001
21192,2017-01-01,2019-12-01,36.0,6.826269999999999,0.18961861111111109,0.10048499999999999,0.28759462200567537,0.15653
21194,2017-11-01,2019-12-01,26.0,5.7532499999999995,0.22127884615384613,0.18302000000000002,0.13114378223391068,0.10885500000000001
21196,2019-04-01,2019-12-01,9.0,4.05979,0.45108777777777775,0.45541,0.19620138931578554,0.12834999999999996
21200,2017-01-01,2019-12-01,34.0,5.6315,0.16563235294117648,0.15607,0.08918913696113254,0.098335
21201,2018-10-01,2019-12-01,15.0,3.81006,0.254004,0.29466,0.15629272502948707,0.19405500000000003
21202,2017-01-01,2019-12-01,36.0,6.059190000000001,0.16831083333333335,0.153615,0.13680974675752144,0.17167
21207,2017-11-01,2019-12-01,26.0,5.258909999999999,0.2022657692307692,0.18219000000000002,0.12101434579992826,0.1099975
21209,2018-09-01,2019-12-01,16.0,3.18115,0.198821875,0.119475,0.26798749180310016,0.0601675
21212,2017-11-01,2019-12-01,26.0,4.76441,0.18324653846153846,0.16965999999999998,0.11020515247273359,0.1247875
21214,2019-09-01,2019-12-01,4.0,1.64425,0.4110625,0.29339,0.2910510205416455,0.22935749999999996
21218,2017-01-01,2019-12-01,36.0,4.30185,0.11949583333333333,0.08180499999999999,0.1304616225206259,0.10916500000000001
21222,2017-01-01,2019-12-01,36.0,3.9104200000000007,0.10862277777777779,0.08118,0.11117602389547104,0.0537
21224,2017-02-01,2019-12-01,35.0,3.4676899999999997,0.09907685714285713,0.08918,0.05235587493139555,0.04136000000000001
21226,2018-09-01,2019-12-01,16.0,3.0539700000000005,0.19087312500000003,0.12904500000000002,0.21067256764052122,0.061514999999999986
21227,2019-06-01,2019-12-01,7.0,2.3807,0.3401,0.21953,0.209875297101239,0.33050999999999997
21233,2018-09-01,2019-12-01,16.0,2.6119,0.16324375,0.053335,0.30199028502861924,0.0963175
21244,2018-10-01,2019-12-01,15.0,1.39216,0.09281066666666667,0.048,0.15006280554043588,0.045175
21245,2018-09-01,2019-12-01,16.0,2.1486899999999998,0.13429312499999999,0.039405,0.3134021981356385,0.062695
21246,2018-10-01,2019-12-01,15.0,1.34983,0.08998866666666668,0.03669,0.14873964217799535,0.04236
21248,2018-10-01,2019-12-01,15.0,1.2297900000000002,0.08198600000000002,0.02962,0.13685263079051754,0.043050000000000005
21252,2019-03-01,2019-12-01,10.0,1.78011,0.178011,0.12714,0.1436806256520961,0.1228375
21256,2018-10-01,2019-12-01,15.0,1.2538599999999998,0.08359066666666665,0.028220000000000002,0.1523681462992402,0.040225000000000004
21259,2018-10-01,2019-12-01,15.0,1.33287,0.088858,0.031059999999999997,0.1530359188089982,0.035285
21262,2018-10-01,2019-12-01,15.0,1.2552000000000003,0.08368000000000002,0.0268,0.13990415351742982,0.044469999999999996
21263,2018-10-01,2019-12-01,15.0,1.3385,0.08923333333333333,0.033870000000000004,0.15338131175354477,0.04304
21265,2019-03-01,2019-12-01,10.0,0.8954099999999999,0.089541,0.05064,0.10880287684615697,0.07820749999999999
21266,2019-03-01,2019-12-01,10.0,0.9465899999999999,0.094659,0.055755,0.10596810048835975,0.0713825
21267,2019-03-01,2019-12-01,10.0,0.92835,0.092835,0.06667,0.07993858257020406,0.07584749999999998
21276,2019-03-01,2019-12-01,10.0,0.45447,0.045447,0.0271,0.04361820594659986,0.06571
